WhiteElo, BlackElo, ECO
1452,1387,B00
1671,1595,A21
1015,1083,C57
1782,1850,B50
973,1141,A00
1118,1204,D00
1272,1311,B12
1809,1625,B50
1145,1281,A40
1503,1570,A48
1625,1279,E80
1643,1689,A02
1283,1250,A35
1845,1713,A07
1532,1717,B21
1162,995,C22
1446,1574,B22
995,1138,C41
1781,1732,A00
1527,1508,D37
1351,1368,D00
1484,1527,B92
1778,1754,A00
1812,1873,B27
1113,1113,C70
1839,2014,A03
1344,1302,B20
1495,1574,C20
1824,1807,A00
1720,1433,C00
1788,1817,D02
986,993,B28
1480,1545,C62
1433,1290,B06
1770,1802,D81
1519,1652,A03
1404,1353,D15
1390,1309,C47
1654,1644,D15
1562,1595,C96
1495,1406,A31
1501,1579,D10
1510,1501,C44
1482,1372,B07
1620,1664,B11
1459,1464,A00
1716,1769,E01
1799,1789,D10
975,894,B20
1763,1709,C55
1445,1048,A48
1538,1592,D45
1380,1333,A29
1545,1439,B12
886,1107,C55
942,1124,C45
1571,1462,A85
1145,1202,C01
1755,1649,A40
1876,1652,A45
1089,1186,D00
1724,1756,C30
1597,1506,A07
1593,1556,C44
1911,1865,B12
1542,1655,B06
1328,1391,A00
1465,1465,C21
1542,1531,B50
1012,1108,C00
1441,1461,B23
1129,1142,A18
1310,1331,C50
2003,1963,B13
1520,1612,A40
1237,1385,A41
1010,1017,A00
1321,1344,C41
1245,1329,B03
1444,1448,B00
1494,1396,C30
1713,1371,B46
1399,1474,B21
1032,986,A40
1224,1367,A85
1712,1564,E11
1172,1226,C00
1542,1799,D53
1444,1448,C44
1718,1771,E00
1569,1451,B50
1316,1531,B07
1285,1267,C25
2026,1827,A10
1601,1750,E70
1230,1029,D53
1346,1277,B54
1224,1253,D10
1759,1535,B06
1682,1166,E90
1233,1117,D11
1520,1491,B92
1354,1391,C40
1247,1466,B10
1476,1492,E76
1384,1405,A43
1302,1270,B12
1458,1374,C02
1194,1281,A01
1473,1199,C50
1210,1102,C42
1076,1082,D02
1412,1442,B00
1241,1294,D20
1277,1193,D35
1527,1515,A40
1242,1562,A33
1320,1522,A40
1113,1284,A40
1950,2012,B50
1293,1282,B45
1336,1268,A09
1652,1646,B90
1409,1540,B27
1614,1500,C21
1096,1022,B20
1497,1636,B07
1339,1230,D10
1179,1339,B20
1143,930,C44
1838,1867,A70
1466,1400,C01
1139,1163,D00
1514,1495,C41
1049,1223,D06
1630,1640,E83
1320,1252,A17
1874,1937,A85
1495,1859,B21
1153,961,B01
1206,1252,B00
1246,1341,B02
1609,1749,D04
1248,1285,C41
1354,1399,A10
1790,1781,B10
1682,1650,B01
1606,1526,E06
1866,1819,B01
1388,1017,D00
1507,1546,A45
1243,1278,C54
1443,1659,B23
1108,1182,B01
1115,877,D10
1245,1232,C20
1357,1241,D21
1191,1392,D37
1656,1872,A57
1091,1158,B06
1457,1460,A05
1378,1488,A03
1488,1275,A65
1524,1473,A00
860,1307,C20
1563,1510,C00
1806,1846,C30
1373,1536,B23
1479,1455,B07
1536,1611,C47
1369,1322,C20
1687,1318,B00
988,951,A00
1295,1428,C41
1739,1774,B07
1349,1301,C20
1167,1681,D00
1826,1790,B06
1656,1554,C29
1538,1487,B10
1498,1520,B48
1568,1458,C64
1355,1029,C45
1524,1502,B00
1291,1143,B12
1357,1361,B08
1270,1214,C20
1602,1528,D37
1275,1200,B10
1252,1171,C41
1306,1303,D35
1353,1312,C62
1655,1749,C21
1299,1276,B27
1492,1455,B01
1552,1536,B21
2015,1718,A42
1362,1229,B10
1393,1306,E11
1658,1539,A00
1602,1664,B07
1777,1780,E70
1446,1540,C05
1850,1876,A04
1613,1549,C00
1648,1708,E80
1423,1300,B10
1637,1661,D15
1539,1534,D13
1457,1435,C00
1252,1276,C00
1396,1448,A03
1091,1129,C57
1171,1116,C00
1499,1512,B92
1506,1613,D11
1470,1453,B06
1023,1084,B10
1703,1518,B10
1277,1118,C45
1308,1378,C45
1985,1984,C22
1514,1524,A40
1012,1140,B06
1295,1179,E20
986,1098,C68
1593,1487,C50
1679,1711,C01
945,1213,B06
1121,1142,D20
1876,1829,D06
1968,1423,C45
1380,1489,D04
1224,1193,A00
1742,1763,C42
1666,1804,C42
1491,1685,B32
1634,1584,D60
2034,1823,A57
1484,1389,B40
1745,1606,C34
1475,1447,D03
1177,1120,C42
1913,1873,D00
1058,979,C50
1038,1232,B02
1468,1325,B53
1247,1186,C50
1432,1536,C00
1227,1758,A80
1291,1321,B27
1578,1526,B08
1564,1555,B41
1435,1447,E90
1727,1586,E22
1195,1148,D00
1437,1443,B12
1825,1818,B06
1479,1372,C61
1570,1212,B10
1355,1212,B21
1091,1440,A00
1032,1720,B32
1441,1403,B30
1250,1373,B06
1560,1244,A43
1595,1256,C11
1275,1329,A10
1282,1407,B02
1499,1348,B07
1668,1715,C00
1693,1403,A00
1453,1449,C00
1458,1509,B02
1271,1199,A35
1494,1493,A00
1166,1159,A00
1748,1732,B56
1172,1089,B21
1082,1105,C00
1531,1654,E46
1535,1414,C60
884,859,D07
1351,1452,A40
1465,1139,C60
1573,1474,B01
1658,1648,A02
1208,1066,A01
1384,1377,C46
1560,1650,C54
1482,1694,A00
1649,1542,B02
2005,1957,D20
965,1149,A40
1483,1528,B43
1556,1606,A43
1119,1087,E61
1195,1136,B29
1383,1362,B00
1635,1509,C77
1743,1661,A40
1411,1413,D00
1528,1669,B06
1469,1502,B10
1721,2012,D31
1316,1237,B00
1457,1473,B07
1552,1724,B23
1470,1497,B32
1019,1030,B20
1766,1747,A00
1238,1349,C01
1810,1818,B19
1130,1182,C60
1295,1304,E10
1287,1248,B22
1246,1237,B30
982,1210,B06
1648,1469,D06
1963,1994,C07
1868,1858,B01
1346,1098,D30
1287,1342,A06
1508,1578,B84
1330,1463,D25
1466,1419,B23
1293,1293,B40
1162,1150,A00
1193,1501,D94
1179,1245,D43
1229,1250,C50
1186,1720,A01
1392,1671,B22
1535,1595,C00
1018,1023,A00
1798,1798,B06
1456,1436,B07
1507,1433,D15
1605,1513,D45
1235,1037,D02
1372,1495,E94
1003,1394,C50
1208,997,C00
1269,1252,A40
1375,1450,B12
1478,1508,B80
1443,1449,C02
1194,1152,A00
1353,1341,C42
1189,1264,A40
1367,1265,B33
1089,1245,A40
1177,1246,C44
1099,1118,A40
1510,1558,A41
1242,1368,A80
1140,1012,C02
1506,1536,A01
1543,1771,C72
1379,1446,C44
1368,1330,B00
1205,1081,A02
1406,1690,A00
1554,1452,C54
1645,1523,A00
1268,1260,C54
1535,1378,A25
1420,1415,B20
1837,1889,A46
1197,1386,B22
1036,848,C02
1615,1731,B00
1234,1357,C50
1040,1181,B21
1611,1740,C54
1461,1462,E60
1289,1434,C41
1517,1556,A48
1371,1349,D00
1160,1585,E90
1303,1362,C20
1428,1387,D13
979,990,D00
1836,1869,A70
1332,1340,B01
1639,1683,A57
1321,1316,A30
1677,1666,A43
1340,1368,E12
1206,1214,C30
1748,1816,B02
1271,1314,A41
1571,1535,B06
1246,1558,A70
1404,1441,C62
1099,1001,B20
1247,1291,B15
1476,1483,D06
1420,1529,B54
1342,1242,C62
944,887,A43
1644,1667,B34
1442,1584,C30
1493,1587,C55
1295,1367,B40
1716,1740,B22
1482,1508,B01
1394,1365,C45
1441,1229,B33
1016,1265,B00
1664,1533,A00
1685,1760,B06
1536,1489,B20
1520,1370,B00
1464,1565,B40
1406,1252,B06
1436,1296,B00
1623,1521,B03
1482,1503,D12
1776,1868,D35
1163,1164,B10
979,1004,C24
1442,1383,B24
1827,1775,B23
1708,1661,A81
1242,1333,B03
937,986,B01
1687,1570,C07
1259,1313,E20
1247,1576,B30
1541,1571,B00
1081,1097,B10
1499,1195,B21
1460,1536,B07
1132,1024,B00
1438,1111,C55
939,1229,C47
1111,1149,C57
1410,1475,C00
1070,1216,A40
1611,1652,C25
1668,1714,C56
1379,1231,A03
1010,1168,C62
1305,1235,A00
1295,1493,C44
1732,1724,A45
1474,1341,A46
1701,1736,C20
1547,1578,B13
1511,1607,A45
1825,1861,B76
1239,1256,B12
1417,1336,B72
1369,1361,C50
1350,1857,B10
1964,1537,D34
1396,1288,B13
1127,1102,C47
1307,1141,B23
1216,1113,C44
1173,1102,C01
1239,1184,C41
1364,1300,D00
1607,1557,B14
1439,1386,B10
1569,1722,A00
1307,1296,B10
1091,1166,C41
1745,2002,B76
1336,1253,C20
1392,1361,B80
1014,1355,B10
1882,1844,A00
1331,1416,A49
1499,1517,D51
1239,1296,D20
1460,1481,B22
1145,969,B01
1571,1450,C41
1286,1254,C00
1605,1525,D35
1235,1384,A45
1441,1451,D37
1806,1790,D35
1380,1380,A41
1740,1740,C30
971,1032,A00
1548,1508,D30
1307,1330,B40
1354,1348,B32
1753,1692,A00
1518,1449,C41
1069,1146,A25
1257,1196,C20
1355,1310,B40
1353,1392,C23
1509,1477,B15
1069,931,C55
1530,1584,D02
1429,1294,B06
1130,1222,A43
1228,1255,C44
1768,1532,B90
1303,1370,C37
1549,1524,C00
1427,1478,C44
1692,1630,B06
1317,1071,C30
1251,1277,B00
1581,1425,D02
1134,1129,D01
1123,1272,A46
1275,1184,B00
1261,1365,C42
1725,1621,C00
1029,1050,A40
1423,1444,A43
1374,1413,C41
1687,1409,C00
1263,1140,C40
1490,1547,C40
1668,1701,A40
1435,1493,B15
1123,1181,B10
1713,1695,C13
1482,1323,C38
1174,1364,C10
1465,1465,B32
1454,1469,C44
1176,1045,B01
1397,1192,A48
1138,1205,B20
1441,1273,D02
2044,1947,A63
1556,1161,E61
1431,1674,B20
1508,1629,E21
1231,1262,D30
1656,1763,A02
1715,1741,E76
1342,1286,B13
1443,1051,B00
1197,1306,B00
1513,1425,C68
1861,1844,D06
1527,1510,D13
1528,1594,A90
1291,1432,C41
1317,1348,C41
1480,1443,C45
1128,1123,D20
1233,1437,B88
1578,1482,B06
1067,1206,C00
1785,1649,B76
1735,1616,C34
1545,1497,A40
1500,1490,C37
1207,1213,C45
1038,1034,D30
1437,1520,C38
1488,1375,D10
827,956,D30
1137,1126,C68
1022,1084,C57
1777,1803,D89
1126,1146,D37
1295,1294,D31
1498,1338,B50
1279,1287,C50
1354,1073,B07
1145,1518,D23
1717,1674,A31
1558,1552,B50
1707,1675,A40
1079,1136,B01
1559,1470,A43
1086,1380,B20
944,992,C41
989,688,C60
1563,1545,C20
1327,1248,B22
1106,1072,B44
1872,1335,A07
978,987,C20
1446,1565,C46
1784,1754,E81
1570,1579,D02
1168,1086,A10
1019,1288,B08
1381,1766,A02
1458,1479,B50
1391,1141,C47
1198,1172,A40
1217,1514,D00
1268,1380,B34
1670,1494,D41
1643,1665,A00
1186,1267,B00
1057,1081,A00
2014,1815,A42
1637,1685,A32
1157,1088,C41
1824,1817,B21
1555,1557,D10
1363,1350,B30
1352,1378,D30
1307,1357,C46
1324,1505,A30
1411,1301,B54
1376,1449,C44
1291,1419,C21
1566,1488,A00
1229,1006,C25
1529,1467,B21
1676,1644,B87
1853,1833,B13
1421,1509,B20
1150,995,B06
851,1096,D08
952,1030,C55
1532,1598,D35
1245,1247,E24
1604,1603,A40
1244,1220,C20
1589,1491,C50
1195,1472,D15
990,946,D00
989,1231,B18
1290,1254,A40
1257,1401,C35
1347,1040,B00
1334,1141,B06
1140,877,C20
1325,1453,D44
1602,1641,C62
1443,1449,B00
1262,1486,A85
1333,1685,A60
1403,1360,C01
1120,1363,A41
1392,1243,D00
1027,1038,C34
1654,1772,C01
1551,1502,B00
1545,1439,A40
696,1454,B50
1816,1109,C21
1355,1439,B21
1103,1518,B02
1452,1434,E30
1325,1202,D13
1191,1232,C44
1561,1241,B20
1555,1597,A40
1343,1166,C41
1616,1611,B00
1286,1242,C23
1280,1374,B34
1427,1343,C47
1540,1497,B19
1862,1782,E70
1302,1398,C54
957,1157,A40
1141,1109,C42
1127,1167,C55
1169,990,C41
1365,1306,C33
1431,1493,B29
1468,1518,B95
1610,1736,B00
1164,1428,A41
1500,1519,C40
1968,1690,C11
1144,1388,C54
1286,1305,D06
1458,1434,A00
1486,1442,B02
1034,1187,B01
1004,1051,B20
1196,1400,C30
1748,1740,B32
1139,1076,B30
1224,1074,B40
1440,1573,C50
1733,1723,A45
1462,1420,D07
1547,1725,B21
1172,1201,D00
1762,1776,A00
1419,1381,A70
1474,1643,B00
1093,1295,B08
936,1053,C41
1059,1020,C44
1694,1661,A45
1547,1643,C42
1445,1504,B02
1441,1523,D05
1317,1277,B82
1652,1668,B99
1549,1563,B22
1874,1770,A07
1454,1258,C41
1272,1227,B10
1835,1870,A60
1767,1943,C68
1474,1473,A56
991,1440,B01
1413,1577,D60
1382,1044,C41
1593,1560,B10
1509,1544,C42
1456,1489,A80
1711,1675,C11
1359,1404,B06
1569,1645,A00
1528,1718,D02
1486,1108,D53
1384,1293,A03
1217,1068,B40
1287,1198,B03
1659,1679,C56
1327,1333,B00
1076,1086,C44
1346,1469,B30
1674,1634,A02
1622,1729,E70
1921,1843,B23
1444,1279,B06
1254,1076,D07
1167,1389,B06
1437,1383,C44
996,1032,B46
1775,1753,B08
970,1102,D00
1491,1386,C45
1540,1595,C50
1082,1115,D10
1389,1373,B08
1328,1149,B02
1357,1308,B13
1810,1783,A57
1521,1433,A41
1249,1218,B34
1534,1563,C61
1693,1699,C36
1842,1815,C40
1524,1436,C30
1246,1415,C00
1421,1334,C50
1541,1713,B53
1591,1539,D45
1232,1483,B15
1153,961,A00
1664,1560,B21
1499,1651,B41
1174,1025,D11
1322,1305,E00
1220,1280,A00
997,1047,B20
1537,1539,B21
1441,1358,E70
1147,1254,B50
1371,1314,B21
1466,1384,B23
1348,1384,C02
1819,2010,B21
1423,1444,C21
1454,698,A40
1187,1193,D38
1344,1317,A41
1353,1016,A00
1446,1179,B42
1279,1205,B40
1098,949,C40
1511,1475,B15
1106,984,C20
1504,1538,A01
1558,1237,C00
1681,1501,B12
1746,1833,B08
1110,978,A00
1179,1238,D00
1739,1607,C00
1252,1226,D10
1721,1513,C48
1437,1547,B01
1430,1323,B30
1339,1370,B30
1677,1643,B86
1448,1366,B18
1232,1256,E20
1936,1888,B42
994,995,C23
1566,1276,C00
1405,1445,B32
1291,1428,E15
1133,1297,C21
1233,1267,B50
1776,1739,C57
1280,1173,B10
1014,1227,B10
966,1091,C02
1147,1213,C00
1652,1692,C64
1343,1286,B40
1566,1515,A41
1458,1330,C02
1225,1198,C25
1979,1972,A02
1731,1725,B07
1318,1037,A00
1452,1383,A03
719,857,D02
1533,1431,B54
1465,1491,C08
1770,1721,E12
1067,1099,C44
1529,1601,E14
1040,1361,D00
1385,1206,A40
1665,1685,C00
1682,1704,D02
1436,1773,C72
1311,1356,C50
1112,1351,C45
1572,1540,D43
1482,1267,C62
1103,1191,B05
1747,1640,A00
1774,1819,B51
1567,1622,E20
1264,981,C20
1396,1262,B06
1871,1834,D06
1150,1119,A45
1447,1373,A03
1276,1163,E61
1633,1704,A00
1654,1629,C40
1453,1414,C40
1116,1185,B30
1247,1236,B30
1552,1558,B06
1189,1502,A01
1176,1130,A43
1400,1126,B40
1823,1834,B18
1738,1684,A00
1307,1284,B00
1604,1630,D00
1480,1235,D20
1763,1697,A43
1386,1455,E60
1161,1007,C20
1310,1282,B23
1464,1134,C42
1498,1447,B21
1251,1353,C50
1325,1335,A09
840,955,C44
1384,1389,C66
1572,1525,D30
1676,1682,B21
1516,1175,B00
1263,1224,D00
1485,1381,C55
1628,2012,C47
1825,1880,A70
1066,1032,A40
1552,1535,D00
1284,1439,C41
1465,1482,B06
1108,1362,B40
1419,1383,D10
1495,1427,B07
1306,1266,B30
1224,944,B34
1328,1464,B30
1495,1599,C63
1544,1665,C47
1139,1147,C62
1504,1659,B01
1716,1958,D36
1511,1515,D00
1495,1559,D07
1303,1405,C63
1930,1834,B01
1460,1531,A41
1410,1061,C36
1348,1451,B20
1714,1532,D45
1543,1837,A41
1530,1512,A40
1686,1664,C30
1421,1446,C21
1515,1427,A65
1440,1422,C34
1127,1339,D00
1240,1521,A00
919,1301,C00
1897,1834,B32
1545,1717,B45
1162,1255,B01
1420,1544,D05
1383,1252,C46
1598,1574,A43
1768,2015,B70
1788,1856,D43
1452,688,A00
1248,1169,C45
1113,1274,A02
1145,1090,C41
1524,1525,D02
1434,1534,B12
1963,1988,C01
1273,1115,B02
1494,1443,C02
1159,1144,B01
1612,1734,B00
1185,1195,A48
1710,1545,D70
1372,1369,D24
991,1049,C41
1149,1449,A01
1102,995,B07
1827,1752,B30
1129,1462,C00
1419,1251,D02
2047,1822,A04
1414,1362,C64
1065,1549,D07
1164,1565,D05
1646,1732,B00
1193,1072,D00
794,1172,C20
1298,1367,C21
1772,1738,A42
1390,1445,B12
1440,1504,B99
1283,1299,C62
1689,1709,A02
1713,1673,C11
1637,1553,C45
1342,1541,C40
1694,2050,A41
1446,1507,B32
1541,1443,A40
1054,961,C41
1196,1226,C44
1826,1831,B03
1651,1669,B53
1634,1609,D61
1299,930,A00
1491,1456,A56
1336,1399,A03
1100,1139,B01
1541,1317,C97
1438,1429,B12
1997,1954,A03
1416,1284,D45
1039,1386,D35
1463,1352,C43
1348,1396,C42
1588,1547,B07
1431,1423,A00
1282,1175,B00
965,1149,A40
1064,925,C50
1764,1565,B54
1177,1514,A01
1235,1359,B56
1249,1168,C25
1624,1646,A00
1840,1817,D10
1437,1448,D35
1626,1652,A01
1716,1740,A45
1533,1511,C41
1100,1118,B32
1050,1135,B01
1271,1478,C30
1594,1536,D37
1206,1217,C44
1659,1550,B20
1563,1613,A40
847,1436,B07
1090,1048,A41
1269,1118,B10
1712,1709,A45
1390,1412,B20
1512,1698,A48
1215,1174,A07
1039,1383,B31
1080,1259,B01
1474,1275,C62
1826,1833,B13
1655,1695,C00
1429,1494,C20
1255,1272,B00
1013,1359,C42
1360,1305,C21
1660,1646,B23
1396,1357,B10
1437,1430,B14
1722,1689,D02
1636,1669,C01
1282,1386,B33
1522,1559,B10
1737,1901,B41
1301,1399,C47
1222,1493,B18
1707,1784,B23
1165,1460,A81
1326,1333,A00
1568,1543,C02
1747,1768,B02
1335,1325,B00
1673,1684,B20
1481,1402,A21
1453,1504,A40
1706,1495,D59
1346,1229,C44
1000,1159,B12
1433,1167,B10
1176,1093,C42
990,852,C23
1363,1457,C01
1276,1095,D45
1573,1587,A00
1141,1073,B27
1359,1445,D30
1446,1525,A41
1229,1373,A00
1106,997,B90
1321,1280,C41
1517,1373,A53
1039,1118,A00
1434,1289,B10
1548,1564,B22
1450,1488,B23
1310,1333,A29
1380,1153,B00
1206,1212,B03
1516,1568,B23
1236,1277,B07
1822,1942,E63
1728,1618,C00
1153,1118,C53
996,1414,D00
1843,1924,C68
1346,1486,B50
1192,1295,B50
1249,1531,D32
1349,1290,C51
1277,1165,D00
1432,1552,C20
855,1112,B02
1248,1240,A40
1662,1605,C41
1421,1381,D94
1539,1670,B21
1688,1662,C30
1422,1330,B70
1226,1261,A03
1497,1447,C89
1732,1724,B09
1145,1233,A43
1284,1024,B48
1173,1355,D00
1061,987,C20
1263,1332,D21
2050,1407,D06
1061,994,C00
1719,1641,B20
1095,1128,B71
1682,1855,A80
1759,1820,B08
1375,1417,A41
1315,1231,A16
1279,1299,B12
1490,1225,D20
1486,1487,C58
1315,1260,B22
1185,1087,B10
1182,1314,A09
1189,995,A21
1746,1764,A00
1825,1832,B03
1567,1532,B50
1379,1351,B01
1424,1543,E00
1438,1429,C41
1181,1177,D00
1530,1418,E97
1198,1430,A41
1280,1514,C41
1152,1437,D23
1157,1138,B01
1170,1459,D10
1165,1100,D06
1368,1114,A18
1267,1391,C35
1850,1687,C64
1181,1146,E11
1158,1259,C00
1438,1397,D02
1482,1719,D10
1495,1380,B45
1204,1163,B00
1506,1561,A56
1384,1041,B01
1574,1497,A00
1622,1597,B10
1209,1055,A00
1642,1827,C42
1543,1587,E14
1787,1819,A43
1167,1126,C50
1389,1397,D85
1841,1840,E11
1555,1540,D60
1774,1780,E61
1512,1436,A02
1220,1043,C47
1407,1292,C30
1664,1722,D04
1415,1495,B30
1618,1751,A43
1945,2006,A89
959,1136,C41
1272,1375,B03
1363,1310,C65
1340,1259,C40
1465,1550,B01
1622,1632,A40
730,987,C45
1640,1571,D20
1380,1288,B06
990,1189,B20
1493,1761,A85
1289,1352,C07
1512,1179,B00
942,1297,C00
1246,1451,C26
1726,1652,B53
925,1351,A01
1234,1378,B30
1264,1390,B00
1388,1414,B40
1299,1387,C45
1312,927,C65
1348,1292,C64
954,1101,A45
1657,1367,C78
1718,1680,B23
1645,1579,A40
1451,1369,B23
991,1110,C68
1156,1149,B50
1420,1447,D41
1388,1296,C23
1493,1561,B18
1281,1255,C44
1503,1539,A01
1189,1086,D45
1399,1399,D00
1209,1214,C41
1363,1280,C10
1653,1697,C02
1425,1350,C21
1721,1698,A45
1531,1525,C00
1491,1325,C62
988,1048,C40
1715,1671,C11
832,768,D02
1308,1383,E61
1486,1523,B00
1427,1201,C44
1637,1669,C01
856,1356,B21
1160,1211,B01
1539,1425,B54
1107,971,D06
1355,1157,C40
1161,953,B00
1063,945,C41
1120,1420,B40
1813,1766,B30
1678,1627,D20
1850,1770,D13
1611,1503,B86
1618,1666,C40
1455,1568,B23
1109,1147,E00
1641,1332,B20
1415,1467,D94
1281,1327,B06
1298,1401,B08
1546,1438,A40
1596,1534,D35
1665,1544,B20
1278,1069,C47
1168,1134,C55
935,1080,C20
1358,1457,B30
1401,1233,C00
1607,1739,B00
1477,1510,B90
1294,1429,C41
1211,1375,C45
1369,1185,C30
1419,1353,C50
1112,1180,C20
1291,1202,A00
1928,1751,C89
1524,1606,E14
1234,1174,C64
1519,1452,B06
1485,1540,B32
1841,1816,D10
1555,1459,B20
1829,1852,A90
1418,1374,B30
1840,1841,E62
1318,1287,E61
1064,1107,C10
1324,1297,B07
1608,1510,C40
1911,1655,B15
1170,1148,D20
1151,1219,C40
1724,1732,A45
1439,1428,C41
1505,1506,C41
1460,1633,C42
1728,1738,E73
1216,1454,C02
1203,1423,B07
1148,1275,D07
1362,1352,C00
1588,1552,C24
1271,1411,B80
1670,1679,C64
1200,879,B50
1351,1317,C41
1631,1729,B09
1524,1420,B21
1232,1257,B50
1020,1010,D02
1469,1617,A03
1552,1711,B50
1348,1442,C50
1443,1524,D02
1835,1842,A03
1537,1430,C11
1204,1214,B02
1279,1341,B20
1232,1214,A40
1120,1103,D50
1552,1463,B10
1249,1199,D00
1303,1284,C20
1697,1811,B50
1443,1374,A00
1547,1548,D60
1399,1399,A03
1043,895,A00
1686,1517,A07
1549,1648,D00
1168,1039,C65
1550,1659,C47
1077,1261,A40
1388,1435,C00
1442,1749,A43
1494,1495,B00
1125,1180,D02
1271,1248,C50
1518,1465,E36
847,970,C20
1451,1364,C43
1194,1022,B00
1158,1656,B43
1144,1152,D02
1400,1325,A10
1072,1337,D21
1428,1342,C84
1385,1273,B06
1181,1510,A01
1532,1377,A08
1579,1571,B54
1433,1641,A56
1550,1544,B30
1547,1688,B33
1454,1373,C35
1143,1274,A03
1999,1952,A03
1436,1431,C35
1246,1506,B10
1703,1781,B21
1591,1267,A00
1304,1426,A40
1350,1374,B03
1371,841,C50
1444,1395,B12
981,1151,D00
1649,1598,E04
1156,1213,A80
1415,1445,D06
1388,1308,A40
1443,1102,D06
1309,1212,C45
1466,1229,B13
994,1054,B01
1670,1730,A40
1224,1327,B01
1681,1661,A03
1408,1395,C53
1092,1183,C44
1237,1444,A00
1569,1282,A00
1537,1730,B01
1269,1189,B56
1153,1213,B13
1295,1114,C50
1456,1562,A06
1412,1406,C03
1173,1526,B30
1757,1822,B09
1333,1430,A00
1749,1660,B20
1678,1708,D04
1505,1286,C70
1336,1288,C51
1257,1344,C55
1294,1371,D02
1656,1252,C20
1158,1202,C62
1539,1047,B01
1381,1411,A40
1202,1214,C20
1402,1603,A53
1121,1005,C24
1100,1260,C01
1305,1316,D02
1253,1234,B32
1741,1715,B22
1382,1444,C00
1495,1493,C72
1659,1625,A02
1383,1341,B20
1377,1361,D11
1132,1270,D00
1423,1444,B10
1824,1833,B03
1338,1443,D31
1861,1805,A35
700,1425,D00
1428,1116,A40
1427,1557,C20
1691,1644,B23
930,1098,C62
1423,1423,B06
1722,1699,B20
1441,1438,B56
1650,1688,C62
1639,1620,C64
1414,1550,D05
1678,1646,B10
1634,1671,C01
1484,1652,B21
1004,969,C42
1265,1414,B20
1600,1530,D37
1349,934,A00
1349,1169,C28
1532,1541,A05
1716,1485,D45
1043,1163,B00
1067,1152,C59
1637,1524,B07
1653,1556,B20
1085,1152,C50
1624,1554,A46
1440,1283,B06
1507,1923,C01
1227,1133,C45
1093,1071,B27
1888,1836,E91
844,1098,C42
1771,1813,D37
927,1008,D10
1601,1602,B01
1833,1848,E11
1590,1907,B27
1743,1746,B07
1397,1404,E42
910,965,A53
1206,1163,B21
1286,1137,E61
1114,1170,B22
1678,1740,D07
1511,1605,B13
1612,1474,B00
1743,1662,B33
1639,1688,E20
1246,1176,C20
965,1073,B21
1638,1553,C00
1285,1272,B21
1517,1419,B21
1495,1508,D02
1402,1437,C44
1495,1429,B30
1321,1230,C37
1805,1703,B80
1234,1277,A40
1265,1300,A40
1245,1175,C55
1474,1487,B21
1599,1406,A03
1435,1406,B00
1356,1392,A06
865,935,C41
1316,1350,B20
772,984,B50
1791,1718,D35
1723,1540,D10
1331,1240,C50
1385,1198,A03
1554,1088,C20
1161,958,C46
1115,1133,C01
1552,1542,C55
1308,1313,B07
989,915,C41
1563,1545,B00
1045,1081,C47
851,852,A00
1303,1202,B00
1804,1729,D22
912,1357,A00
1726,1522,C01
1951,2000,A00
1152,1050,C65
1151,1428,B10
1343,1445,A36
1325,1341,B06
957,1157,A43
1864,1919,A42
1275,1244,C00
1374,792,C47
1430,1486,C72
1213,1303,A41
1393,1260,C24
1444,757,C40
1251,1218,D00
1442,1204,C25
994,1205,A01
1652,1690,B01
1359,1207,B50
993,1153,A00
1572,1543,C62
1409,1050,A40
1212,1265,C68
1796,1859,A06
1653,1657,B07
1762,1752,B40
1514,1687,B20
1087,1212,B00
1666,1743,B00
1181,1168,A45
1255,1238,C40
1519,1386,E01
1605,1663,A40
1561,1617,C41
1193,1194,A40
1328,1309,A85
770,1089,C00
1379,1203,D07
1420,1505,B00
1518,1593,B01
1415,1391,A40
1502,1485,D78
1430,1449,B48
1825,1832,B13
2174,1863,A84
1442,1118,B00
1388,1360,B20
1436,1379,B34
1301,1253,E11
1815,1764,B30
1528,1490,D10
1243,1183,C41
1611,1581,D00
1287,1529,B07
1178,1250,C44
1525,1369,A01
1458,1512,A80
1937,1865,B01
1198,1104,D38
1640,1708,B06
1423,1371,B20
1538,1102,D31
1612,701,C28
1094,1107,C47
1627,1558,B42
1861,1891,C31
1134,1001,B00
881,1205,C10
1322,1299,D02
1533,1540,B07
1545,1664,C47
1522,1672,A48
1208,1297,B50
1408,1384,A40
1304,1254,B40
1365,1189,C30
1578,1554,B50
1415,1497,C21
1202,1196,C41
1175,1156,E43
1664,1603,A90
1249,1240,D00
1056,1372,D00
1701,1655,B76
1706,1750,A45
1476,1797,A00
1419,2131,B00
1152,1049,A41
1552,1432,C41
1472,1449,C62
1361,1538,C02
1399,1294,B18
1151,1359,A00
1353,1635,B21
1545,1548,D10
1223,1286,D06
1611,1648,B50
1642,1438,A04
1690,1752,A40
1631,1530,B07
1000,1088,C01
1425,1222,B10
1479,1584,D11
1422,1015,C01
1543,1597,B00
1423,995,C20
1399,1407,A15
1234,1163,A00
1410,1331,C41
1204,1275,B20
1430,1675,C00
1840,1841,E69
1681,1615,C44
1329,1408,A46
1411,1437,A08
1961,1823,B05
872,735,A00
1114,973,B20
1254,1209,C55
1125,1298,D07
1309,1152,B00
1537,1593,E14
1385,1363,D00
1329,1510,B05
1328,1368,C34
1124,1112,B20
1052,1062,B00
1419,1505,C20
1431,1418,C00
1709,1735,A16
1318,1417,A00
1771,1808,B07
1900,1852,A40
1108,1129,D00
1226,1380,A03
1463,1607,B01
1496,1465,B01
1434,1429,C25
1288,1435,C41
1092,1271,B07
1409,1474,B07
927,1158,D00
964,853,B00
704,1348,A40
1463,1327,B70
1698,1577,B50
1280,1371,B78
844,859,B00
801,1362,C26
1104,1214,B05
1142,1074,A00
1550,1544,B31
1905,1397,C31
1433,1512,D00
1122,1343,D20
976,1025,B01
1444,1434,B88
1420,1372,B50
1236,1315,B01
1242,1247,A00
1659,1409,D37
1373,1400,B07
1741,1387,B06
1646,1683,A43
1385,1047,A40
762,775,A06
1548,1547,A06
978,1028,C77
1662,1694,D02
1993,1958,A03
1052,1407,A45
1679,1671,D00
868,835,A00
1424,1248,C00
1572,1524,C02
1859,1893,C31
1441,1438,B23
1683,1659,A03
1556,1419,C24
1242,1245,E81
1430,1400,B00
1461,1404,C30
1104,1537,B22
1865,2172,A03
1247,1250,C45
1421,1442,C45
1629,1391,A00
1863,1966,D59
1824,1833,B03
1663,1624,D06
1399,1407,A40
1766,1754,B21
1261,1123,B30
1076,1196,C50
1307,1336,B27
780,1151,A45
1453,1452,A46
1760,1762,D42
1806,1778,C01
1736,1797,A56
737,913,B07
1223,1143,B00
1743,1713,C41
1248,1310,B20
1290,1331,C02
1276,1159,B00
1296,1062,A00
1145,1121,C10
1378,1258,D37
1932,2013,A51
1538,1436,A53
1401,1396,A20
1087,962,B20
1277,1235,A43
1931,1854,B22
1658,1551,B20
1000,1100,C46
1271,1419,A09
1376,1360,A40
1343,1403,C01
1248,1241,B40
1227,1015,A40
1430,1603,B01
1701,1647,C40
1427,1404,A00
1271,1439,A40
1523,1571,B00
1649,1661,E08
1964,1583,B23
1360,1413,A17
1519,1547,B70
1083,979,B07
829,741,C44
1375,1181,A41
1110,1148,A00
1310,1161,A17
1456,1505,B21
1453,1339,C02
1535,1559,C24
1523,1437,A07
1348,1376,B04
1247,1181,C00
1769,1815,D38
1641,1618,C64
1193,1121,C50
1194,1126,B30
1362,1461,B70
1434,1429,C25
1089,1142,B23
1215,1279,A01
1795,1486,D35
1531,1565,B80
1541,1357,A40
1587,1718,B50
1356,1323,B01
1315,1391,C41
1670,1691,B01
1124,906,A00
1137,1103,C46
1193,1411,A40
1373,1377,B01
1654,1694,B06
1422,1523,C00
1061,1130,D05
1360,1277,C64
924,872,C55
1515,1556,B07
1413,1479,B21
1077,1148,C44
1557,1652,C47
1204,1194,D00
1255,1309,C50
1533,1492,B01
971,1090,C00
1178,1201,B40
1506,1333,B20
1243,1556,D07
1585,1191,C50
1164,1167,C45
1800,1779,B30
1440,1205,A80
1841,1840,E16
1079,1076,C42
1463,1746,A00
1324,1696,B90
1095,871,B00
1504,1461,B92
1622,1674,C22
1232,1463,D00
1473,1418,B33
1430,1293,B10
1429,1419,E76
1187,1220,B41
1137,1271,B10
1379,1335,B13
1678,1501,C28
1282,1311,B00
1229,1307,D30
1325,1226,C37
1553,1540,E62
1047,1378,C41
1066,1720,A40
920,1155,C50
1731,1534,B06
1586,1544,D37
1158,1219,B13
1177,1132,B13
965,885,C22
1332,1369,A00
2170,1867,A85
1253,1175,B27
1104,1206,C41
1345,1320,C42
1592,1589,B00
1825,1832,B18
1117,1284,B20
1263,1294,B34
1615,1707,A48
1568,1526,B31
1664,1636,B00
1468,1527,C55
1102,1074,D20
1259,1408,B20
1711,1734,B30
1204,1215,D02
1507,1392,A82
1707,1531,A00
1409,1485,A40
1219,1150,B80
1479,1515,C00
1412,1656,B22
1348,1448,D31
1350,1438,B23
1091,1100,B00
1020,833,C23
1293,1339,B05
1339,1340,C00
745,947,C40
1155,1407,C23
2007,1938,B07
1534,1365,A03
1045,1193,D02
1614,1684,D02
1253,1392,A00
1084,1071,C42
1512,1415,C20
1498,1453,D10
1192,1231,A46
1399,1399,A53
1421,1422,C34
1420,1443,C45
1885,1867,C02
1465,1525,A41
1367,1397,A17
1595,1521,C11
1294,1055,C20
1703,1653,C45
1084,1191,B20
1340,1351,A11
1609,1650,B50
1790,1743,B23
1598,1435,C25
1294,1126,A16
1704,1752,A45
1298,1425,C41
1120,1440,C00
1869,2168,A03
1744,1852,C01
983,1018,B01
1566,1469,C24
960,1196,B00
1280,1195,C23
1499,1526,D45
2037,1972,E68
1086,1188,B30
1240,1338,D02
1567,1656,A05
1527,1530,C01
1248,1321,B50
1240,1183,D04
1303,1255,A09
1540,1513,B02
1168,1197,C41
1251,1214,A00
1709,1601,E94
1147,1018,B60
1551,1427,C21
1566,1518,B21
1950,1941,A02
1104,1206,C41
1114,1046,A40
1735,1766,B73
1340,1281,D02
1694,1326,C41
1429,1299,D50
1407,1197,C21
1670,1630,B56
1446,1448,B01
1200,1263,B06
1506,1439,D31
1674,1513,C46
1551,1579,D20
1379,1413,A40
1753,1703,B07
1654,1359,C20
1021,1095,C27
1405,1436,A40
1593,1658,B07
944,1720,D00
1673,1650,D31
1165,1263,B01
872,1382,A00
1643,1684,A00
1584,1680,E70
1292,1198,B06
1284,1207,A02
1360,1417,A45
1386,1364,D00
1411,1281,C05
1142,1190,B00
1581,1513,C55
1105,1347,C01
1188,1240,D06
1148,1291,E60
1082,949,B21
1232,1319,B02
1193,1435,A00
1687,1661,C21
2166,1871,A25
1449,1266,B28
1339,1434,C41
1548,1482,B06
997,1129,B32
1346,1413,C50
1552,1519,B50
1525,1501,A03
1787,1792,B08
1123,1180,E11
1169,1186,C20
1430,1449,B07
1221,1111,C01
1001,1089,C62
990,1153,B00
1428,1379,B30
1824,1833,B03
1616,1639,B30
939,1133,C15
1544,1720,C15
993,934,B06
1649,1390,B00
1320,1273,A00
1588,1521,C42
1185,1213,C41
1455,1368,C45
1362,1469,D55
1608,1667,D43
1214,1349,B07
1701,1621,C19
1547,1246,C42
1105,1380,B23
1289,1259,A20
1245,1313,B20
1421,1045,B32
1848,1833,A40
1253,1234,B32
1512,1481,D06
1444,1445,B00
1329,1249,B84
1660,1696,A11
1200,1090,C30
1191,1226,B44
1065,1113,A00
1517,1577,C24
1793,1431,D35
951,909,C41
1538,1519,A85
1585,1960,B23
1501,1425,E81
1363,1356,A43
1865,1788,E70
1609,1576,D81
926,1060,C45
1383,1154,E20
1223,1116,D31
1421,1426,B01
1267,1142,C44
982,1175,A00
1452,1411,C25
930,973,C48
1566,1559,B21
1740,1662,B32
1713,1466,B00
1173,1137,C45
1654,1605,D94
1536,1692,B12
1315,1362,C02
1504,1464,D02
1162,1358,C20
1296,1254,B23
1309,1508,B06
1358,1515,B22
1272,1157,C40
1303,1254,B40
1525,1559,B07
1592,1704,B50
1184,1413,A40
1771,1709,A31
898,767,A01
1928,2017,A51
1318,1245,A21
1414,1429,B44
1334,1352,B34
1733,1800,A56
1357,1404,C42
1589,1592,C24
1355,1224,D05
1183,1265,B30
1867,1885,C31
1460,1491,D02
1930,1959,B03
1177,1290,C02
867,716,A00
1117,1068,B27
1629,1759,C11
1507,1415,B20
1518,1644,C48
1651,1601,A90
1229,1243,B00
1387,1258,C00
1152,1447,A90
1319,1138,B06
2011,1934,A58
1588,1542,D37
1760,1679,C25
1530,1608,C36
1392,1346,A40
1722,1744,B22
1274,1154,B34
1962,2047,A05
1810,1661,B22
1521,1419,D06
1013,1057,A00
1286,1431,A40
1370,1514,B50
1302,1262,C23
931,1534,A00
1443,1267,A00
1394,1288,A02
1570,1524,B31
1112,1094,B32
1584,1601,B06
1465,1432,C41
1432,1444,B24
1221,1244,B06
1313,1238,C37
1239,1277,C20
1475,1560,D06
1509,1686,D00
1507,1487,D02
961,1225,B22
1314,1291,B00
1008,996,C30
1376,1049,D00
1214,1252,B20
1476,1510,C95
791,993,A00
1710,1746,A45
1653,1241,D10
1424,1554,A48
1188,952,B00
1447,1454,C50
1362,1465,C54
1510,1509,C00
1441,1393,B01
1455,1307,C34
1689,1667,C22
1521,1597,E73
1098,1164,A02
1842,1815,D10
1277,1300,D15
1173,967,B01
1131,1289,B31
1687,1753,A03
1668,1798,D38
1894,1858,A85
1212,1004,B00
1362,1640,B00
1632,1595,B50
1425,1504,C20
1793,1740,D00
1452,1502,C25
1308,1180,A00
1513,1441,C40
1729,847,B21
1698,1598,C41
1652,1696,B06
1749,1752,D02
1421,1248,B13
1717,1600,D05
1465,1531,A45
1082,1111,B02
834,1326,C47
1834,1440,B07
1494,1435,C45
1389,1375,C62
1371,1306,C62
1533,931,A02
1052,1293,A00
1402,1461,B00
1544,1590,B00
1378,1416,C41
1693,1629,A02
1294,1530,B23
1408,1372,B14
1659,1530,E73
1841,1840,E11
1210,1395,D00
1830,2071,A05
1554,1481,B20
1159,1302,C65
1375,1414,C46
1238,1330,C00
1600,1607,B22
1716,1548,E62
1474,1683,B21
1196,1192,D02
1306,1252,A09
1116,1121,B01
1054,958,B00
991,1093,A46
1557,1609,D06
1518,1507,B01
1621,1679,B08
1439,1428,B07
1558,1410,B30
1271,1288,C02
1286,1153,C50
1568,1521,B53
1561,1596,B06
1520,1394,C02
1178,1206,C41
1312,1428,C40
1467,1294,C48
1294,1388,B02
1341,1371,C96
1335,1472,C14
1256,1144,B27
1393,1518,C45
1865,1887,C31
1498,1431,C25
1568,1216,C45
1418,1364,D35
1106,1179,B20
1541,1790,B17
1398,1407,C41
1739,1717,B07
1392,1396,C41
1716,1764,D10
1781,1943,C05
1005,1142,B07
1968,1918,B25
1458,1421,B23
1212,1381,A40
1150,1678,D11
1736,1556,B21
1515,1579,C24
1300,1667,B32
1544,1561,A41
1204,1197,C64
1440,1457,B50
1182,1251,A45
1675,1444,C42
1245,1306,B01
1584,1119,B01
1270,1067,B06
1640,1750,B21
1609,1657,C17
959,857,B00
1421,1500,D00
1604,1692,B50
1680,1595,C41
1177,1247,B07
1572,1573,C00
1278,1202,B00
1432,1382,D00
1469,1421,A57
1101,1128,A84
1941,2004,A51
1283,1282,A02
1754,1634,E90
1194,1258,B32
1195,1191,C30
1311,1261,A42
1372,1387,A48
1248,1298,C00
1489,1539,C47
1093,1103,D00
1261,1515,A00
1567,1580,C01
1396,1351,C55
1950,1773,C15
1354,1405,C01
1642,1540,A00
1131,1089,A03
841,1101,A00
1698,1511,B09
1190,1181,A01
1345,1434,D00
1746,1673,A30
1290,1471,A09
953,1158,B10
1522,1588,D50
1736,1730,B22
971,1187,B30
1125,1311,C51
1793,1669,C47
1661,1520,A02
1260,1126,C48
1236,1229,A00
1310,814,D40
1658,1698,D02
2131,1419,E20
1637,1661,C21
1096,1067,C23
1585,1449,C50
1147,867,C40
1052,1121,C30
1213,1156,C45
1424,1303,B04
1479,1556,C50
1675,1541,A00
1348,1127,B86
1400,1361,D07
1947,1954,A45
1796,1800,C44
1519,1467,C02
1146,1459,D00
1649,1357,B20
1309,1268,B12
1257,1412,B07
1814,1843,B03
1511,1578,B45
1011,1126,A20
1515,1591,E73
1747,1786,A56
1413,1458,A80
1593,1592,D87
1182,1104,D30
1259,1356,B21
1425,1186,B00
1225,1262,A02
1896,1856,C01
1379,1330,B50
1167,1047,D02
1270,919,B56
1286,1246,C40
1454,1409,C26
1370,1414,C01
1507,1448,B01
1145,993,A41
1388,1533,A46
1276,1236,A02
1408,1325,C10
1312,1268,A07
1689,1659,C21
1938,1786,B07
1383,1495,A40
1746,1700,B13
1757,1723,E12
1223,974,C65
1274,1332,B30
1065,1267,D04
1313,1364,B51
1076,1081,C41
1182,1429,C14
1205,1196,C50
1276,1278,A45
1185,1303,A40
1421,1508,C20
1144,1167,D20
1452,1447,A40
1562,1480,B50
1640,1502,A85
1553,1552,C11
1424,1399,A00
1832,1849,E62
1460,1532,C02
1673,1746,B01
1956,1893,C36
1188,1050,C20
1236,1460,A85
1404,1147,A34
1472,1360,B34
1417,1597,C07
1638,1680,B22
1024,949,D20
1691,1665,C45
1177,1359,B52
1484,1445,A42
1240,1005,E62
1122,1039,D53
1125,1281,C00
1371,1411,A43
1277,1122,B30
1344,1139,C42
1324,1251,A00
1303,1369,D10
1346,1418,B83
1080,1003,B00
1486,1788,D16
1912,1887,C40
1581,1537,E97
1177,1185,D02
1189,1176,C44
1436,1436,B01
1207,1184,A40
1189,1422,A00
1107,1019,B00
1174,1526,B30
1504,1384,B01
1445,1491,B00
1391,1358,A01
1668,1628,B23
1300,1236,B01
1371,1410,B14
1589,1552,A43
1306,1259,C23
1382,1300,A40
1172,1060,C78
1563,1658,A42
1740,1811,C00
1495,1499,C00
1427,1439,C41
1523,1502,D06
1316,1235,C37
1609,1326,D16
1572,1653,D37
1500,1446,C01
1997,1948,A58
1419,1467,A00
1456,1477,B21
1725,1741,A45
1139,860,A10
1100,981,C57
1272,1316,B21
1666,1805,B45
1205,1299,D20
1508,1475,B21
2013,2057,A83
1253,1302,C45
1605,1686,B53
1009,1126,C48
1375,1553,D21
1948,1977,B06
1593,1739,C38
1317,1362,B07
1321,1277,B00
1623,1765,C11
1946,1955,A96
1133,1072,B00
1738,1744,B28
1087,1224,B10
1465,1406,C61
1466,1431,C41
1507,1095,A30
1261,1465,C20
1522,1342,C41
1333,1423,B07
1724,1613,B22
1188,1118,C00
1527,1297,A02
1407,1266,C00
1546,1658,C68
1239,1203,D05
1588,1501,B53
1234,1287,A06
1646,1632,C41
1259,1318,D92
1171,975,A20
1454,1580,A04
1467,1294,C65
1308,1236,C24
1145,1240,C37
1416,1447,C44
1323,1309,A80
1734,1692,A45
1545,1376,C41
1456,1378,B34
1549,1486,B50
1011,1104,B21
1909,1842,B10
1404,1378,D35
1449,1513,C21
1732,1676,B22
1358,1389,C64
1427,1410,B86
1005,1178,B06
1680,1739,B07
1726,1803,B22
1603,1596,D02
1002,1515,B01
1526,1653,A03
1531,1590,A85
890,1720,C23
1835,1822,D10
780,1432,A00
1779,1859,D43
1948,1475,C41
1849,1807,C34
1482,1513,A00
1095,1101,B00
1708,1688,A02
1499,1436,C44
1749,1763,D11
1131,1255,B32
1357,1320,C41
1795,1738,B40
1556,1558,B43
1321,1313,B28
1336,1862,C10
1334,1238,B13
1559,1279,B00
1303,1307,C31
1343,1663,B06
1779,1753,C36
2003,1911,A02
1423,1289,B12
1150,1146,C41
1241,862,A40
1427,1692,A01
1124,947,C30
1785,1548,D36
2066,2004,C50
1858,1823,A41
1667,1598,C63
1683,1704,C45
1350,1265,B10
1581,1564,D00
1584,1601,B07
1070,1171,C44
1468,1276,E81
1375,1400,A02
1366,1374,B02
1481,1366,C45
1667,1759,E01
1374,1384,C55
1521,1670,D10
1489,1389,B01
1512,1497,D10
958,1390,C45
1673,1681,B06
1449,1423,C22
1644,1682,B84
1119,1408,A56
1507,1537,A45
1411,1177,B44
1102,1132,B07
1176,1340,B34
1752,1780,B08
1419,1192,B00
1461,1432,E00
1415,1130,A20
1501,1458,B10
1398,1337,C01
1711,1935,D08
1425,1091,C42
1050,1141,B10
1247,1172,B32
1371,1301,A45
1439,1458,B00
1728,1554,A26
1082,1152,B29
1516,1555,C11
1405,1750,D91
1400,1395,C25
1389,1324,C50
1675,1557,C05
1159,957,B21
1241,1334,B00
1092,1127,A40
1268,1163,A04
1460,1321,D00
1498,1532,E51
1776,1737,B21
1547,1655,B17
1439,1364,C55
1493,1428,E68
1194,1168,C00
1417,1256,A40
1054,1161,C30
1396,1494,B80
1801,1727,D20
1491,1503,D02
1309,1418,D44
1481,1576,B00
1507,1582,B45
1728,1805,A85
1450,1654,A42
1008,871,C40
1547,1517,D44
1109,1079,A40
1493,1542,C40
1152,1307,D30
1409,1385,B20
1702,1629,A02
1947,1954,A45
1955,1990,E97
1430,1295,C45
1486,1330,B00
1679,1733,A06
1668,1854,A40
1878,1886,E92
1254,1233,B32
1156,1159,C64
1610,1322,C01
1299,1178,C21
934,986,C41
1699,1727,B08
1180,1397,C50
1259,1312,B01
1159,1152,B10
1601,1597,C00
1621,1570,B72
1291,992,A13
1914,1828,B00
1593,1688,D43
1261,1296,B34
1720,1126,B00
1548,1343,B18
1427,1310,C41
1401,1246,B18
1286,1412,B40
1733,1675,C00
1522,1473,B00
1145,1137,B44
1098,1017,D00
1388,1458,D89
2021,1954,A07
1819,1827,D01
1406,1290,E61
1402,1249,C50
1339,1497,A45
1326,1420,A20
1732,1687,A30
1680,1599,B06
1614,1584,C60
1429,1344,C00
913,1103,B00
1196,1385,A00
1984,2041,E63
1203,1185,D00
1342,1324,A00
1565,1363,E60
1471,1340,B02
1663,1562,A07
1289,1243,E21
1519,1487,A02
1532,1429,E64
1820,1889,B32
1283,1495,D00
1048,1073,C41
1652,1552,E91
1658,1691,A45
1593,1429,A40
1407,1415,A45
1366,1571,B01
1575,1441,C54
1455,1162,B49
1322,1229,C24
1752,1768,B07
741,1003,C20
1735,1570,E16
1428,1444,E01
1447,1403,B06
1366,1539,A43
1255,1368,A00
1121,962,A45
1412,1303,C00
1602,1675,A00
1294,1418,C62
1311,1266,B13
1595,1597,D02
893,921,C20
1255,1360,B00
1666,1747,A02
1058,1105,C55
1140,1165,C50
1239,793,B12
1411,1488,B21
1282,1341,A40
1831,1850,E62
1800,1360,D06
1243,1293,C21
1418,1407,B88
1381,1540,A18
1387,1264,A03
1514,1540,C30
1556,1574,B21
1429,1373,C30
1301,1216,A05
1380,1466,E77
1661,1345,C20
1084,1024,C45
1350,1435,D02
951,1100,A31
1538,1722,B92
1451,1510,C44
1465,1500,B20
1705,1682,B12
1132,1374,D00
1373,1436,B06
1017,878,A00
1186,1298,C30
1444,1335,A45
1187,1183,A04
983,1063,A00
1006,1010,C20
1802,1544,C55
1190,1106,D06
1668,1609,C41
1417,1560,B01
1498,1317,B28
1068,1189,C20
1211,1315,B10
1584,1353,A01
1772,1740,A31
1489,1476,B54
1662,1659,A26
1628,1578,B02
1320,1197,C30
1188,1126,A40
1994,2076,C00
1610,1575,A00
1691,1256,C00
1412,1532,C01
1020,1132,B54
1361,1339,B95
1458,1441,D11
1219,1277,B00
1403,1370,B33
1599,1546,D20
888,772,A00
1325,1318,B50
1615,1668,B22
1283,1156,C23
1351,1330,D11
1850,1672,B18
1014,1161,B06
1458,1446,C40
1789,1743,C30
1386,1409,C01
1549,1550,D00
1480,1515,D00
1871,1808,A70
865,1126,A01
1070,1118,C20
1712,1671,B30
1468,1418,B07
1369,1413,A44
1678,1741,A31
1297,1250,E08
1310,1194,A36
1869,1769,E70
1283,1314,A06
1726,1686,B22
1046,1089,A02
1223,1318,C46
923,997,D00
1255,1158,B02
1212,1315,D05
932,1099,C00
1290,1159,C61
1174,1176,A51
1291,1384,C61
1798,1735,B41
1132,1081,C41
1249,1137,D00
1266,1245,C55
1560,1631,D21
1426,1411,B06
1101,1264,B00
1131,1113,C44
1360,1293,C66
1639,1695,B01
1428,1543,C11
1603,1486,C55
1517,1488,C50
1678,1521,C02
1273,1304,D92
1572,1573,C00
1439,1486,B21
1682,1726,B24
1140,971,A04
1159,1233,C02
1999,1946,A58
1742,1749,D78
1592,1431,A40
1012,965,A00
1616,1641,C44
1340,1396,B21
1917,1997,C11
1455,1723,D02
1946,1955,A01
978,1158,C41
1274,1331,B01
1697,1587,D60
1676,1691,C44
1760,1760,B21
1893,1928,B50
915,1045,A56
1340,1597,A00
1736,1686,B21
1061,999,A00
1413,1458,C00
1345,1363,C41
1256,1311,E43
1462,1369,A43
1566,1610,C53
1403,1428,C10
1619,1498,B21
1413,1299,B10
1419,1450,A30
1364,1405,D04
1552,1369,C41
1478,1528,B50
1296,1434,A13
1327,1337,B00
1635,1720,B48
1164,990,C33
1148,1305,C30
1378,1307,B86
1531,1440,A53
1543,1630,B53
1419,1233,D35
1182,1284,D02
1238,994,A40
1640,1566,B50
1420,1243,B12
1560,1944,B20
1961,2014,B47
1834,1908,A05
956,1097,C20
1286,1250,B01
1401,1394,C20
1687,1675,A14
1255,1679,B50
1690,1703,A36
1401,1380,B21
1126,1027,A10
1775,1670,D02
1819,1827,C15
1493,1306,B15
1443,1437,D10
1283,1329,D85
1031,1075,A00
1437,1387,A46
1345,1466,A84
1540,1548,E81
1174,1335,B23
1558,1646,C80
1452,1450,C03
1504,1587,E91
1129,1379,C46
1423,1532,C50
1356,1152,A00
1366,1379,C01
1315,1318,B27
1412,1409,B07
1371,1393,B33
1347,1462,A00
1333,1345,C41
1484,1481,D20
977,845,C42
912,1005,A00
1605,1456,B01
1338,1402,D04
1633,1670,A00
2042,1983,B07
1844,1863,E65
1099,1061,C00
1777,1772,E73
1568,1555,A45
1364,1542,C40
1536,1588,C41
1594,1343,C01
1665,1363,A18
788,1459,C21
1313,1264,B13
1696,1646,C21
1430,1721,A01
1569,1607,D94
1304,866,B00
1396,1219,C30
1690,1697,C45
1422,1092,D00
1955,1946,A45
1507,1488,B00
1481,1598,B12
1842,1839,A41
1050,1235,D02
1329,1380,C78
1744,1844,C01
1444,1429,A00
1330,1607,B01
1802,1723,E06
1163,1272,A00
1646,1358,A43
1674,1561,D40
1495,1514,C66
1507,1451,B21
1465,1534,C55
1662,1721,C34
1533,1467,A40
1337,1406,C23
1297,1368,B34
1204,1197,A25
1811,1858,C05
1576,1585,C29
1528,1695,E70
1829,1786,A36
1549,1473,A02
1421,1426,C41
1725,1971,B46
1354,1351,B20
1731,1781,B14
1661,1536,A56
1519,1456,B12
1247,1270,A00
1817,1789,A43
1390,1381,A13
1651,1596,A45
1616,1677,B22
1566,1619,B06
1240,1267,C20
1146,780,D04
1667,1668,A42
1677,1715,B00
1676,1769,B12
1539,1548,D37
1347,1538,A84
1304,1245,B13
1591,1435,C43
1305,1252,B21
1223,1334,A02
1252,1318,A00
2070,2000,C50
1309,1217,C65
1346,1307,B21
1326,1125,B27
1265,1214,B21
1734,1798,B07
1346,1380,C34
924,1238,C42
967,1121,C41
1604,1333,C01
1619,1557,B00
1571,1672,A05
1131,1275,C45
1558,1541,C00
1537,1434,B80
1209,1160,A02
1527,1295,B21
1159,1208,D24
1103,1171,C30
1800,1483,D10
1311,1512,B31
1372,1052,C30
1271,1306,D10
1428,1357,B10
1418,1480,C61
1249,1290,B02
1680,1665,D00
1297,1170,E61
1464,1436,B20
1575,1730,E12
1096,794,A00
1133,1169,D20
1159,1353,B20
1542,1461,C41
1188,1262,A43
1411,1326,D31
1318,1210,A00
1144,1197,C50
1311,1233,A40
1376,1527,A40
1300,1353,C00
1936,2009,A51
1396,1310,C41
1363,1265,A06
1350,1480,C37
1563,1449,E00
1350,1422,B02
1295,1170,A00
1245,1299,A00
1706,1681,B90
1591,1634,A40
1221,1452,C47
1475,1525,C44
1657,1526,E67
1718,1497,B23
1741,1750,D14
1307,1422,C44
1398,1431,D11
1385,1419,B02
1214,1150,C46
1389,1549,A45
1428,1452,C01
996,974,D00
1697,1622,A40
1678,1698,A02
977,1084,D02
1406,1426,D02
1403,1309,A40
1736,1744,B07
1420,1571,D10
1685,1754,B07
1383,1303,A04
1041,1182,A43
1463,1511,B21
1722,1661,B10
1260,1208,B30
1370,1071,C00
1427,1442,D00
1278,1369,A22
2007,1968,A00
1595,1658,A49
1237,1247,C00
1521,1534,C40
1438,1353,C00
1402,1393,C01
1565,1580,D00
1633,1573,B50
1273,1088,A00
1552,1556,C00
1714,1641,C47
1481,1446,A00
1498,1537,C00
1519,1548,D43
1459,1414,C70
1277,1210,D22
1407,1420,C57
1730,1795,D05
1388,1142,C34
1365,1363,D31
1484,1561,B22
1373,1548,A08
1456,1353,A40
1258,1319,B32
1281,1285,B00
1990,2080,C03
1264,1164,B03
1458,1500,B44
1336,1601,B01
1656,1548,B86
1165,1249,B23
1111,1399,C20
1834,1856,A45
941,974,C48
1180,1017,B00
1401,1413,B20
1143,1243,B34
1935,1959,B24
1252,1370,A00
1510,1484,B20
1544,1394,E76
1479,1741,D10
1791,1741,B01
1508,1328,C68
1495,1553,D04
1377,1377,C63
1420,1411,A03
1826,1886,B00
1226,1603,B32
1147,1180,B53
1194,1136,C23
1137,1257,D31
1362,1270,C41
1432,1443,C50
1409,1183,B00
1683,1663,B90
1225,1277,B50
1772,1777,C00
1787,1735,A07
1490,1408,C68
1954,1947,A90
1672,1737,A41
1249,1169,C25
1067,1163,C41
1374,1285,A40
1530,1564,A17
1474,1441,B07
1298,1279,B13
2036,1848,E56
1831,1850,A49
1487,1630,D11
1406,1345,E81
1736,1634,B07
1358,1362,B07
1408,1537,A48
1462,1563,B20
1395,1254,C25
1691,1542,B21
1102,845,C23
1372,1331,A45
1011,1071,B10
1489,1473,B00
1506,1503,A00
1774,1738,A48
1654,1666,E93
1761,1817,D00
1780,1826,C00
1598,1339,B07
1411,1491,C00
1011,1117,D20
1130,1020,B08
1457,1479,D30
1204,1140,B00
1534,1351,B50
1522,1348,D00
1524,1568,A40
1725,1608,D52
914,1122,B07
1417,1443,B50
1440,1586,B02
1509,1555,C11
1398,1406,B00
1463,1483,B07
1332,1215,C23
1411,1519,C30
1481,1481,B22
1568,1497,B20
1210,926,C48
1549,1568,A40
1249,1630,A00
1661,1626,C44
1447,1507,B01
1535,1549,B00
1669,1675,C64
1583,1588,A57
1238,1395,B46
1763,1682,D02
1127,1061,C25
1421,1452,A45
2038,1846,B31
1513,1529,C11
896,951,A00
2002,1943,A58
1119,1100,C00
1048,1317,C02
1520,1454,B01
1700,1551,B22
1382,1302,C00
1443,1166,C39
1851,1818,D20
1340,1266,C30
1686,1347,C11
1319,1327,A43
1374,1449,D02
1727,1676,C18
1257,1279,C21
1525,1371,A34
1317,1318,C00
1673,1665,B06
1237,1325,C44
1166,1209,B52
1259,1298,B34
1418,1451,D00
1260,1354,A04
1292,1250,B12
1830,1699,D00
1354,1299,B22
1389,1371,C00
1547,1686,B01
1007,913,B53
1252,1297,B09
1147,1296,C68
1827,1993,A80
1328,1229,B32
1643,1558,B12
1685,1711,A03
1429,1430,D01
1207,1281,B21
1544,1377,C41
1532,1619,B15
1504,1534,C68
1359,1432,C44
769,884,C20
1366,1588,A00
1380,1472,D35
1747,1721,B21
1628,1716,B33
1491,1339,C25
1171,1197,A04
1599,1547,B20
1680,1524,C01
1136,721,C00
1097,1012,C40
1819,1787,A80
1310,1376,B01
1363,1316,B02
1204,965,C61
1254,1304,C00
1774,1630,C31
999,977,C50
1561,1557,D11
1418,1518,B00
1438,1314,B01
1567,1541,C45
1382,1556,A45
1708,1684,A40
1494,1404,C36
1390,1243,B00
1675,1560,C21
1879,1833,B02
1401,1394,C20
1357,1557,A00
1122,1156,C45
926,905,C41
1412,1415,C45
1353,1663,B13
975,1086,D02
1343,1362,D61
1231,1057,B13
1930,1859,D30
1959,2016,B00
1424,1428,C00
1485,1798,B45
1839,1685,B18
1668,1715,C34
1396,1291,C47
1302,1289,B40
1653,1529,D35
850,1017,B10
1264,1175,C20
1182,1389,E00
1112,1019,B02
1425,1563,A00
1162,1206,C54
1865,1825,D07
1522,1589,D70
1460,1465,B07
1365,1429,B70
1270,1307,D90
1637,1677,C21
1270,1359,B10
1691,1723,D35
1226,1146,C44
1503,1506,C62
1094,1456,D30
1730,1679,C00
1259,1167,C41
1634,1653,B06
1877,2074,B11
1212,1296,D10
1019,1159,B10
1640,1730,B21
1748,1784,B07
1473,1489,A40
1326,1346,B23
1249,1244,D06
1720,1138,D00
1363,1328,C54
1707,1672,A15
1745,1767,E63
1302,1470,B73
1352,1399,A43
1051,1125,C20
1301,1200,C42
1842,1839,E11
1168,1272,C77
1431,1387,B53
1198,1138,D30
1456,1412,C62
1287,1214,C45
1213,1266,B01
1469,1640,B20
2075,1940,C16
1232,1311,B40
1272,1404,C41
1594,1415,B01
716,954,A00
1967,1946,B09
1450,1402,C20
1451,1420,C61
1342,1595,B01
1375,1348,B30
1545,1646,D35
1617,1564,B50
1635,1467,B06
1184,1291,B13
1369,1468,C40
1437,1443,D00
1591,1674,A40
1250,1383,C41
1629,1561,E70
1260,1241,A00
1079,1105,B00
1433,1650,D37
1274,1169,B01
1746,1556,D30
1321,1390,C44
1823,1501,B01
1267,1200,A00
1666,1737,E70
1543,1453,B13
1408,1482,D02
1804,1752,D30
1176,1214,A00
1528,1502,C25
1379,1543,B21
1589,1556,C00
1770,1476,B13
1484,1418,D03
1824,1894,C44
1608,1329,B23
1458,1562,D00
1142,1144,C92
1322,927,C26
1126,1447,C00
1983,1954,C05
1258,1249,C00
1164,1125,C01
1433,1528,C60
1596,1563,B12
1102,1052,B08
1425,1410,C44
1608,1556,C05
1223,1218,C21
927,1025,B00
1323,1197,B28
1346,1105,C50
1680,1765,B13
1529,1414,A86
1172,1329,A00
1662,1625,C53
1477,1152,C50
1294,1150,C70
1398,1317,B22
1439,1503,C00
1637,1521,B03
1479,1442,A40
1243,1274,B76
1933,2012,A51
1386,1300,A41
1715,1628,B22
1954,1959,A08
1673,1675,C00
1458,1522,B20
1332,1605,B01
1246,1244,B50
1273,1488,A01
1005,941,C23
1306,1347,C00
1725,1658,B10
1304,1390,A45
1314,1179,A25
1331,1290,A49
1278,1532,D06
1391,1224,C80
1566,1695,C10
1530,1497,C54
1368,1451,B40
1673,1665,A00
1355,1355,C41
1300,1277,B13
1223,1440,A40
1612,1565,D09
1988,1832,A02
1349,1199,B15
1968,1735,B02
1667,1678,B00
1486,1461,A10
1928,1908,B01
1583,1331,C55
1640,1551,C25
1498,1464,A01
1540,1527,B12
1237,1149,D00
1158,1018,C45
782,1064,C02
1680,1595,D16
1089,1175,B00
1366,1348,D02
1128,1293,A40
1252,1256,A05
1635,1769,C31
1244,1797,B45
1342,1585,C01
1210,1261,B12
1128,1286,C44
1423,1352,C35
1414,1444,C40
1489,1625,B10
1400,1420,C91
1762,1653,A45
1353,1276,D11
1394,1401,C35
1108,1111,A40
966,1506,B06
1457,1676,B20
1475,1479,A41
1131,976,C41
1552,1386,A40
1524,1343,A33
1473,1452,D00
1277,1263,C20
1297,1174,B40
1340,1319,B01
1537,1111,D00
1559,1369,B31
1795,1811,C10
1979,1808,E12
1851,1966,C01
1451,1564,B02
1396,1114,C40
1499,1486,D80
1103,1114,A40
1313,1256,D21
1083,1087,C47
1549,1453,C02
1382,1539,A18
1426,1630,B00
1122,1113,C00
1824,1888,C36
1563,1622,A46
1535,1537,B22
1419,1347,C00
1509,1593,E00
1553,1366,B57
989,850,A00
1385,1208,C65
1602,1335,C01
1317,1384,C71
1102,1149,C22
1257,1204,C00
1568,1608,A04
955,992,C20
1768,1744,A00
1707,1528,B94
1126,1114,C50
1232,1193,C30
990,959,A00
1535,1555,A02
1028,970,A00
1672,1567,A03
1157,1171,B50
945,1132,A00
1536,1554,C62
1312,1367,C23
1937,2078,C18
1383,1201,C34
1662,1466,A04
1658,1700,A30
1207,1260,B00
1704,1825,C42
1376,1520,B23
1222,1280,B20
1355,1328,A45
1204,1253,C23
971,720,B00
1832,1870,D01
1532,1646,C11
1728,1797,A56
1515,1559,B35
1679,1726,A52
1776,1756,B01
1408,1343,A40
1719,1544,B50
982,746,D20
1327,1311,B28
2060,1890,D15
1847,1834,B12
1689,1444,B12
722,1095,B20
1306,1197,A84
972,1389,B44
1786,1764,D59
1268,1309,D92
1341,1318,B40
1512,1362,B01
1281,1256,C50
1732,1638,C23
1075,958,A00
2327,2029,B12
1391,1547,A45
976,967,A00
1636,1827,C30
951,745,C20
1361,1447,A85
2006,1939,A58
1145,1434,B01
961,994,B12
1541,1459,C34
1212,1418,A00
1685,1756,D02
1438,1424,B00
1493,1574,C30
1793,1658,A46
1858,1818,A70
1435,1150,B23
1692,1700,B00
1476,1434,D10
1887,1831,B12
1308,1376,C50
1674,1807,A45
1444,1429,B01
1659,1614,D10
1732,1601,D66
1204,1344,B53
1759,1686,D02
1256,1252,B21
1497,1767,B87
1603,1521,A10
1404,1376,C45
1566,1669,B83
1342,1182,B07
1019,941,B02
1442,1671,C00
730,943,C46
1628,1311,A00
1135,1178,C00
1257,1321,C68
1205,950,A00
1461,1432,C41
1587,1849,C30
1791,1693,B00
1148,1326,B06
1674,1362,E46
1234,1358,A10
1549,1584,D31
1130,1966,A45
1537,1609,A21
1230,1264,C00
1451,1333,B27
1478,1537,C62
1677,1428,A40
1965,1721,C30
1350,1097,A13
1414,1402,C44
1527,1631,B06
1577,1573,D20
1764,1768,A40
937,886,A40
1377,1294,B00
797,752,A04
1373,1336,B50
1727,1742,B22
1398,1558,C02
1671,1708,E32
1475,1415,E85
1607,1617,C30
1283,1346,B10
1568,1513,B53
1364,1381,D31
1553,1633,B01
1195,1315,C40
1460,1239,D04
1677,1670,B50
1254,1393,C20
1764,1640,A40
1633,1860,A50
1279,1489,B20
1962,1975,D06
1837,1983,C01
1251,1226,C50
1306,1380,B01
1213,1424,C01
1420,1372,B25
1116,1173,C24
1484,1277,B00
1290,1177,B00
1117,1531,C44
1089,1235,D13
1190,1166,E00
739,1020,C44
1448,1224,B53
1324,1346,C62
810,1196,C46
1689,1584,C01
1629,1663,D43
1675,1370,C62
1339,1360,C00
1992,1950,B13
1345,1242,D21
1442,1400,B01
1290,1218,B20
1146,1107,D50
1157,1172,B01
1336,1321,C00
1394,1292,D10
1648,1735,C34
1265,1216,D35
1554,1576,D02
1673,1665,B06
1344,1678,B30
1978,1842,A02
1842,1839,E11
1338,1599,B01
1474,1467,C20
1123,1094,A20
1330,1551,B07
1497,1559,B20
1299,1210,C26
1602,1651,D02
1926,1917,D11
1339,1209,D02
1866,1923,E70
1315,1532,D20
1668,1446,B00
944,946,D07
1561,1610,C24
1629,1651,D00
1334,1357,C42
1721,1649,C02
1385,1211,B38
1299,1359,B12
1393,1313,D31
1734,1735,B03
2032,2324,A43
1283,1177,D31
1719,1686,D02
1431,1148,D02
1318,1259,B13
1586,1702,C11
1316,1099,A00
1439,1531,A40
1767,1555,B07
1445,1323,B00
1401,1357,B22
1230,1188,A47
1425,1477,C00
1457,1427,C28
1036,1243,D02
1149,1166,D02
1460,1465,B30
1929,2016,A51
1518,1610,D58
1813,1974,A50
1353,1581,A57
1881,1831,B02
1488,1531,C48
1410,1385,D31
1531,1464,A53
1166,1123,C01
1200,1445,B21
1644,1726,B32
1722,1796,C18
1341,1257,A00
1287,1265,D06
1325,1520,B34
1637,1671,B12
1221,1270,B23
1960,1857,B30
988,1200,B54
1306,1314,B34
1547,1510,B76
1735,1777,B14
936,905,B00
1243,1449,C02
1254,1180,B30
1909,1941,C41
1297,1245,A40
1166,1417,C45
1450,1526,B07
1184,1172,B03
1258,1272,B21
1557,1634,D35
1574,1683,A04
1809,1867,D03
1442,1314,A43
1289,1208,B21
1524,1647,A03
1181,1251,D00
1184,1241,B20
1846,1590,C32
1683,1662,B90
1431,1359,A40
1174,1250,B21
757,968,C46
1201,1192,B38
1254,1217,B01
1456,1265,B00
1847,1834,B12
1286,1336,C41
1430,1412,B30
1102,1115,A40
1309,1219,A82
1596,1341,C01
1177,992,A20
1412,1408,C45
1264,1273,B22
1046,1190,A44
1431,1674,D00
1338,1209,A40
1398,1548,B28
1247,1351,C00
1309,1241,D52
1585,1564,B20
1604,1481,C02
1520,1554,B01
1564,1556,B20
1456,1271,C36
1643,1637,B01
1543,1366,E20
1417,1672,C50
1790,1728,C54
1604,1534,B06
1258,1133,C55
2089,1954,C11
1149,1365,D25
1433,1457,B31
1581,1256,C00
1154,994,B30
1576,1491,B20
1820,1948,C05
1198,1481,D10
1342,1322,C44
1352,2059,B10
1435,1318,A00
919,892,C44
1270,1256,C55
1243,1265,A04
1096,1074,C62
1485,1571,C00
1121,1342,B12
1320,1310,B23
1642,1516,C02
1879,1839,B02
1344,1593,B07
1693,1752,B12
1166,1324,C02
1677,1241,B01
1422,1022,B23
1996,1984,A60
993,1274,C41
1664,1465,C40
1100,1382,A45
1350,1290,C34
1829,1957,D01
1471,1487,E00
1576,1557,D43
2321,2035,B12
1525,1438,C41
1847,1973,A87
1290,1277,B22
1265,1284,B20
1255,1290,A45
1264,1387,A40
1270,1197,A00
1730,1572,B51
1454,1468,B06
1776,1756,B01
1735,1783,A29
1560,1595,C41
1373,1313,A40
1593,1843,C46
1396,1305,B20
1656,1714,D94
1103,1116,C00
1629,1775,C31
1625,1643,C25
1053,1388,C62
1508,1480,E90
1721,1797,B23
1967,1970,C01
1142,1122,C40
1170,1389,D46
1576,1691,C13
1559,1431,B21
857,882,B40
1512,1454,B23
1833,1675,A40
1301,1329,B07
948,1012,E00
1363,1539,A01
1568,1562,C05
1264,1166,A40
1300,1419,D05
985,991,C41
1213,1293,E60
1475,1461,B20
1352,1312,D02
1650,1910,C87
1214,1334,B53
1564,1317,B07
2010,1935,A58
1694,1711,C01
1304,1720,C00
1210,1193,C62
1261,1212,A00
1432,1134,B00
1518,1539,B12
1291,1266,B21
1211,1524,B20
1322,1152,E50
1478,1201,C21
1245,1119,C45
1194,1114,C00
1770,1860,D02
1559,1757,C47
1479,1443,B76
1775,1806,C54
1363,1429,B41
1456,1440,D00
1676,1346,C25
1933,1917,B50
1292,1290,B13
1454,1442,B13
1975,2005,B23
1236,1405,A00
1538,1451,E80
1384,1538,A45
1317,1671,A04
1552,1348,C08
1707,1663,E17
1837,1678,A51
1403,1361,D31
1365,1366,D02
1178,1429,B23
1859,1792,C05
1282,1172,B01
1032,827,C34
1376,1419,B01
1505,1290,B01
1467,1595,B02
1306,1455,D02
1693,1597,B06
1544,1327,C45
1457,1443,A80
1778,1734,A48
1698,1525,B13
1471,1510,C90
1203,952,A00
1250,1257,B20
1863,1954,B54
1472,1460,B06
1140,1307,A20
1138,1328,C01
1325,1299,B07
1195,1223,A00
1260,1360,C26
1418,1413,A41
1177,1092,D20
1838,1874,B22
1107,1104,A20
1092,1174,B43
1416,1493,B07
1442,1460,E61
1628,1716,C44
1448,1180,A00
1934,1814,A52
1653,1748,B78
1240,1327,C68
1848,1733,A49
1620,1521,B23
1313,1428,B00
1344,1377,E39
1389,1396,C01
1352,1548,B10
1639,1655,C00
1405,1355,C36
1540,1515,D00
1660,1778,E60
1699,1785,A45
1314,1292,B23
1320,1366,B01
1645,1664,C55
1260,1106,C23
1172,999,D35
1340,1271,C21
1108,963,A00
1403,1439,D00
1391,1331,A45
1764,1768,B07
1433,1443,A07
1720,1650,B07
1183,1446,A00
1334,1239,B12
1248,1393,C41
1174,1211,A00
1803,1721,D35
1481,1446,B53
1197,1311,C55
1461,1668,C02
1842,1839,E11
1049,1090,B30
2021,2335,B08
1332,1405,B13
1615,1544,D00
1344,1240,A04
1745,1700,D02
1302,1147,C00
1102,741,B02
1540,1528,B80
1527,1825,C26
1776,1742,C21
1858,1899,D15
1020,1069,C45
1361,1222,B01
1948,1840,B00
1032,1095,A00
1195,1051,C41
1564,1581,D60
1430,1428,B00
1692,1700,A52
1669,1552,A43
1193,1444,B01
1167,1349,C02
1457,1426,C38
1321,1351,D31
1806,1766,A45
1205,978,A01
1797,1870,B01
1518,1747,B07
954,936,B27
1412,1383,B15
1470,1432,D05
1258,1579,A00
2156,1958,A49
1098,1168,B22
1666,1570,B28
1952,1834,C02
1551,1570,A16
1548,1509,A00
1249,1399,C41
1551,1330,C00
2083,1973,C54
1342,1422,C55
1022,967,C65
1725,1787,D11
1123,1431,C00
1939,1979,C18
1436,1369,D00
1328,1220,D00
1140,1181,C00
1145,1093,A52
1070,1187,C00
1516,1340,D31
1391,1451,D43
743,1105,B07
1565,1518,C33
1641,1732,D08
1305,1231,C40
1523,1552,A45
1710,1680,D24
1204,1263,B00
1581,1475,D45
1382,1269,A00
1437,1426,A48
1565,1568,C42
1354,1179,D45
950,1394,C60
1072,1081,C42
1586,1704,B22
1385,1397,D31
1095,1183,C50
1391,1335,B28
1770,1634,C31
1216,1320,D07
1124,1141,D00
1568,1670,A46
1778,1100,C00
1814,1812,B12
1582,1603,D00
1925,1925,D02
1225,1246,B12
1536,1678,D37
1159,818,A40
1065,1112,B06
1668,1855,B50
1670,1700,D31
974,1344,D07
1230,967,E81
1685,1714,A16
1800,1391,C00
1534,1367,E61
1555,1594,B12
1249,1238,C46
1304,1577,B04
1710,1634,C41
1168,1288,B01
1280,1255,C00
1801,1547,D10
1840,1596,B12
951,930,C20
942,1003,B10
1219,1222,C23
1686,1555,A57
1905,1653,A23
1316,1368,B07
1491,1407,A57
1705,1824,B21
1380,1214,D00
1519,1419,D44
1323,1297,A11
1677,1764,D00
1266,1339,B02
1750,1904,A46
1523,1569,B07
1347,1147,A00
1544,1356,C08
1343,1299,B21
1942,2003,A51
1556,1287,B03
1533,1538,A40
1303,1361,A22
1374,1421,C00
1677,1730,A04
1302,1280,B06
1760,1666,E97
1432,1410,B30
1351,1337,D31
1188,1442,E21
1473,1321,B01
1025,1420,C00
1704,1947,A01
912,1528,D08
1364,1259,A40
1278,1333,C66
1413,1443,E38
1111,1095,B01
1678,1870,A40
1846,1942,A10
1091,745,C44
1238,1233,B01
1723,1745,C00
1448,1448,B00
1293,1056,C01
1271,1382,C20
895,890,A00
1400,1241,B00
1286,1066,C44
1481,1591,B10
945,928,A00
1616,1429,B22
1301,1249,C00
1259,1228,A00
1512,1558,D35
1417,1445,B01
1414,1173,B07
1238,1326,A02
1380,1235,B30
1380,1421,A45
1157,1317,B07
1223,1502,C50
1399,1427,B32
2014,1966,A56
1101,1178,C32
1545,1491,C00
935,863,A43
1141,1150,C50
1511,1474,A45
1279,1250,A00
1449,1805,A00
1529,1588,A44
1746,1563,B07
1319,1451,B01
1450,1446,C50
1340,1530,B06
1823,1963,C11
1328,1171,A09
1264,1262,C45
1639,1765,C31
1842,2068,D34
1151,1343,C00
1760,1772,B30
1568,1466,D44
1692,1715,B00
1448,1454,D35
917,1594,A00
1002,1023,C63
1577,1388,C02
1659,1833,C36
952,1150,A43
1310,1281,B03
889,947,B20
1739,1842,B00
1538,1448,B06
1962,2094,C02
1517,1263,A40
1479,1479,D45
1965,1847,C42
1359,1327,A40
1177,1130,D02
1362,1398,C50
1333,1421,C48
1393,1294,B07
1432,1311,B01
1670,1661,B90
1282,1396,C36
1252,1240,C41
2333,2023,B10
1151,1453,D00
1573,1373,B07
1585,1487,C21
1364,1340,B32
1089,1128,C54
1191,1211,A00
1172,1259,D08
1451,1471,B70
1410,1515,C20
1198,1196,D50
1536,1532,B28
1847,1834,D11
1332,1230,B00
1422,1253,A00
1428,924,C41
1484,1599,C54
1540,1547,B78
1350,1547,B30
1101,1388,B01
1551,1608,C41
1405,1243,B12
1620,1557,A00
1587,1525,B20
1440,1355,B30
935,630,B00
1649,1694,B23
1130,1166,A00
1958,1828,D02
1560,1544,D35
1744,1500,A34
1357,1312,B20
1827,1969,C31
1528,1680,B32
1655,1707,C30
1315,1289,D31
1444,1410,C37
1780,1732,A43
1548,1699,A14
1467,1320,C32
1659,1546,A40
1098,1171,D10
1369,1483,A45
1230,1196,C47
1500,1547,B58
1430,1365,C20
1694,1677,D37
1525,1451,A03
1584,1504,D00
1866,1682,A07
1583,1853,C46
1769,1727,C37
1673,1548,B90
1867,2044,B12
1933,1917,B50
1875,1734,E22
1419,1467,A02
1289,1291,C00
1182,1109,C60
1618,1557,C30
1777,1298,B13
940,1114,B00
1587,1574,C54
1434,896,A00
1688,1702,B31
1306,1549,C01
1449,1459,C02
1612,1559,D02
1190,1131,A40
1820,1806,C68
1174,1163,B52
1316,1315,B34
1714,1631,C64
1996,1949,E73
1559,1511,D60
1167,1202,A04
1481,1575,C00
1751,1723,A10
1383,1277,B21
1304,1286,A00
1411,1438,C00
1104,1288,D10
1298,1317,B02
1632,1703,A15
1575,1710,B12
1546,1461,D85
1346,1360,A82
1290,1427,C20
1552,1287,B50
1422,1319,A02
1332,1086,C42
1275,1376,A40
1524,1544,B90
1286,1231,B21
1647,1570,B70
1416,1358,B38
1662,1719,A09
1668,1368,B23
1246,1395,A00
1139,1081,B52
995,1126,C41
1366,1486,C00
902,1067,A00
1163,1209,B21
1233,1189,B53
1938,1724,B21
1514,1316,B20
1231,1250,C42
1283,1570,E61
1799,1852,A40
1165,1544,D01
1515,1527,D00
1262,1446,A40
879,1058,A45
1360,1540,B12
1256,1311,D02
1390,1169,C25
1466,1439,B15
1330,1429,B41
1856,1637,A26
1139,1141,A00
1434,1569,A84
1983,2152,A45
1537,1684,C11
1764,1768,B07
1423,1479,C00
1172,1040,B10
1527,1458,B06
1266,1514,C23
825,1161,B30
1359,1283,B30
1367,1450,D90
1382,1511,B34
747,1099,C47
1498,1538,C60
2027,1872,A52
1072,1162,B20
1530,1510,C25
1568,1455,B07
1422,1295,C40
1254,1367,A00
1452,1404,C61
1641,1663,C00
1558,1633,B23
1426,1288,B06
1202,1142,C25
1348,1310,B21
1417,1126,B07
1836,1745,A40
1931,1703,A46
1116,1028,D00
1403,1192,B28
1439,1489,B71
1372,1423,C35
1760,1644,C36
1569,1613,A41
1389,1444,A22
1248,1280,A00
1522,1519,C41
1973,2007,A08
1337,1318,D20
1516,1557,D11
1503,1741,B07
1568,1734,C47
1713,1622,A24
1450,1662,B06
1140,1355,C00
1682,1820,A52
1612,1652,A00
2071,2330,B08
1659,1829,A03
1436,1456,D00
1586,1470,D10
1577,1688,D31
1107,1134,A00
1370,1448,D55
1289,1454,B00
1326,1720,A04
1853,1959,E54
1279,1235,A40
1407,1353,C31
1326,1373,B22
1415,1392,B33
1667,1755,A06
1384,1336,A41
1483,1461,B21
1273,1228,C20
1202,1268,B01
1273,1197,A40
1318,1368,B01
1835,1708,C98
1259,1203,C50
1459,1398,D94
1439,1440,A00
1579,1709,B43
1017,1154,C30
1585,1480,B34
1642,1772,B81
1862,1863,E35
1429,1599,B01
1534,1661,C28
1390,1317,B01
1099,1039,D11
1978,1953,C64
1279,1022,B03
1310,1451,C20
1308,1479,C40
1751,1652,A39
1305,1327,D02
1325,1389,C62
1817,1969,C11
1597,1561,B42
1460,1417,B40
1641,1826,D03
2067,1879,B13
939,1013,B20
1493,1579,B01
1652,1679,D48
1956,1989,A51
1485,1513,C01
1453,1253,B01
1539,1537,C41
1419,1424,A57
1634,1863,D18
1718,1778,B15
1902,1817,A00
1825,1856,E11
1365,1410,C54
805,966,C23
1319,1171,C50
1672,1448,A96
1079,984,C00
1668,1434,A15
1711,1679,D38
1323,1415,E00
1827,1517,E76
1374,1469,C34
1584,919,A00
1521,1472,A06
871,993,B01
1294,915,C41
1160,1425,B36
1650,1754,A04
1934,2106,A10
1302,982,A20
926,751,C23
1411,1415,A03
1478,1342,C44
1045,1167,C40
1533,1338,C40
1002,1179,B01
1411,1445,E38
1739,1773,B14
1850,1586,B12
1506,1512,B20
1616,1610,A40
1339,1339,C41
1406,1388,B10
1149,1232,A03
1165,1185,D21
1641,1670,B10
1582,1661,A43
1132,1181,E14
1675,1533,A51
1797,1829,B12
1912,1925,D08
1267,1400,B01
1672,1754,A50
1544,1195,A41
1275,1412,C00
1505,1534,B98
1303,1537,A09
1539,1127,C41
1314,1175,C40
1782,1741,D10
1755,1933,A10
1760,1772,B30
1536,1364,C11
1717,1673,B20
1420,1447,A00
1153,1322,A40
971,1200,A45
1260,1044,C00
1452,1409,C02
1239,1266,B40
1518,1552,E10
1351,1182,D02
1187,1101,C20
1137,1244,B01
1221,1033,C01
893,928,C50
1304,1374,A03
2147,1988,A04
1566,1507,D37
1380,1573,B90
1655,1691,B28
1526,1658,C50
1297,1155,C31
1297,1189,A10
1242,1272,B01
2329,1918,B22
1567,1286,C66
1749,1673,A53
1391,1194,C10
1757,1716,E97
1560,1584,B06
1249,1238,A40
1703,1650,A00
1364,1218,A40
1345,1466,D80
1788,1708,A28
1240,1231,C65
1299,1281,C22
1471,1480,E06
1286,1428,B21
1511,1269,A40
1672,1718,B30
1441,1349,C00
1061,1161,B23
1166,1333,D00
959,896,C20
1539,1537,B26
1188,1111,D00
1164,1113,C10
1058,1149,D02
1572,1536,B01
1444,1521,B34
1039,1772,B50
1604,1554,A00
1739,1661,D00
1173,1391,B10
1370,1281,A00
1542,1167,C62
1447,1458,B01
1341,1395,C41
1682,1731,A50
1479,1514,A46
1322,1468,B07
1404,1533,B10
1282,1262,C00
1623,1551,E43
1532,1580,B14
1512,1486,D02
1843,1872,A81
1143,1105,B40
1427,1579,B17
1368,1532,B12
1714,1743,C78
1290,1257,A42
1465,1520,A47
1265,1202,D15
1077,981,C41
1531,1505,A40
1748,1089,D15
1466,1277,A00
1149,1195,C23
2007,1867,D43
1824,1646,A08
1307,1324,A80
1970,1831,B03
1412,1389,A48
1341,1362,C00
1300,1443,C00
1577,1618,B51
1232,1600,A02
1431,1374,B01
1645,1600,C31
1564,1611,C44
1667,1851,C01
1379,1554,C41
1640,1862,C64
1714,1782,B70
1846,1822,A44
1901,1962,C64
1185,1216,D31
1809,1809,D30
1335,1385,B01
1023,994,A16
1361,1325,A40
1183,1248,B10
1612,1723,C31
1459,1597,C00
1159,1170,A80
1314,1425,D01
1517,1551,A52
1213,1550,B01
1489,1413,D02
1999,1981,A56
1433,1362,C28
1230,1136,B06
1848,1833,E62
1908,1910,E21
1362,1436,C00
1702,1675,B30
1113,1151,C24
1272,1508,C55
1330,1498,B30
1555,1840,B06
1617,1586,A40
1876,2063,D30
1218,1308,B12
1289,1564,E27
1608,1548,C41
1600,1635,C64
1163,1144,D00
1491,1492,C30
1585,1577,E60
1603,1554,D00
1079,992,B32
1748,1775,B13
1261,1398,E21
1998,1947,E94
1304,1273,B07
1195,1282,D10
1270,1274,A00
1186,1211,B23
1395,1144,C45
1278,1116,E61
1089,1324,B34
1944,1682,C25
1658,1745,A05
1325,1274,C50
1447,1448,B40
1307,1324,A16
1336,1433,B00
973,1090,C45
1701,1652,B19
1573,1499,C20
1376,1335,A45
1651,1749,B07
1279,1129,A00
1195,1291,B29
1151,1254,D07
1522,1513,D91
1306,1462,D02
1546,1309,A40
1450,1380,B40
1195,1135,B01
1454,1402,C61
1128,1538,C23
1513,1591,B02
2101,1939,B25
1331,1347,B00
1485,1539,C44
1748,1656,E65
1172,1086,C34
1782,1730,D78
1964,1822,A53
1464,1463,B54
1735,1655,A25
1266,1267,D08
1057,1355,A80
1821,1805,C78
1057,1057,C24
1135,1141,C00
1333,1353,B01
1696,1521,C66
1444,1325,A00
1434,1551,B01
1286,1116,A40
1527,1373,C41
1861,1826,B03
1382,1308,A43
1539,1334,C10
1609,1551,A45
1007,1331,D10
1409,1329,B23
1139,1400,C23
1466,1499,C63
922,843,C21
1568,1593,C20
1328,1414,D00
1656,1664,A36
1764,1768,B07
1707,1927,B02
1855,1863,D47
1928,1759,C30
1275,1158,B20
1267,1207,C00
1048,1348,A40
1174,1167,C50
1503,1529,C44
1223,1359,D30
1576,1471,A41
1784,1712,C20
1534,1281,C25
1315,1673,B20
1335,1304,C68
1227,1090,A02
1988,1978,A45
1480,1314,B00
1675,1694,B43
1078,1118,C02
1672,1394,C20
1278,1294,B53
1306,1157,A40
1301,1251,B01
1193,1190,C88
987,1071,C00
1483,1657,C36
1403,1372,B75
1544,1526,D63
1312,1482,B07
1280,1296,D02
1150,1241,B20
1352,1443,C35
1314,1222,B23
1752,1705,B60
1538,1653,C62
1239,1234,C00
1162,956,C16
1664,1592,A41
1144,1290,A43
927,1392,B21
1463,1464,D20
921,1572,A00
1369,1164,A85
1675,1375,C01
1500,1807,C18
1974,1797,B02
1536,1401,D10
1376,1477,A01
1513,1523,C61
1378,1522,B12
1573,1539,B20
1166,1304,B13
968,1273,B00
1436,1746,A45
1711,1679,B20
1406,1451,C01
989,1218,B20
1686,1439,D30
1657,1696,B10
1230,1085,B13
1090,917,B02
1564,1616,A41
1678,1830,A04
1517,1334,D06
1186,1335,A00
1446,1387,B01
1117,1302,B01
1369,1314,B21
1584,1555,C41
989,1021,C44
1281,1462,B00
1415,1322,D00
1387,1177,C23
1220,1143,D20
1258,1238,C44
1192,1127,C24
1633,1423,D90
1580,1633,B22
1467,1438,A43
1561,1597,C00
1894,1850,B12
1247,1475,A60
1322,1358,A57
1587,1600,A00
1402,1266,B20
1133,1147,C25
1177,1173,D20
1237,1131,A22
1434,1516,B23
1238,1241,C53
1305,1392,B88
1308,1307,A00
1323,1177,A00
1592,1464,D10
1089,1098,C44
1839,1855,D18
1474,1434,C05
1360,1328,A00
1183,1115,C57
1310,1259,B00
1188,1111,B30
1437,1275,C00
1802,1965,A07
1378,1342,A41
1519,1611,B03
1093,1099,A00
998,1138,A40
1317,1255,B33
1295,1344,C07
1266,1231,E70
1018,884,B22
1445,1408,C00
1506,1566,B10
1394,1305,B13
1463,1327,C30
1448,1544,C41
1414,1355,C45
1872,1846,A45
1201,1190,D30
1717,1618,A24
1415,1272,C45
916,1405,C20
1534,1370,B33
1841,1840,E11
1397,1669,B20
1203,1194,C23
1781,1866,A85
1739,1664,A39
1282,1721,E61
1131,1376,C40
1075,1412,B03
1383,1233,C00
1971,2073,C01
1484,1499,B01
1415,1299,A00
1410,1563,C77
1441,1432,D31
976,1015,B02
1902,1916,A00
1471,1382,B00
1552,1212,C68
1658,1742,B18
1170,1355,C01
1276,1098,C60
1175,1177,A40
1944,2096,C00
1776,1797,C34
1954,1991,A51
1361,1441,C42
1133,1257,B00
1653,1737,B07
1626,1691,D26
1849,1812,D37
1498,1565,D50
1737,1662,E60
1601,1679,A65
1015,1048,C62
1222,1324,C46
1370,1212,A40
1212,1178,C02
1345,1341,A04
1203,1219,D30
1527,1526,B44
1305,1271,A02
1857,1887,A43
1729,1783,D02
1273,1257,C40
1584,1401,C61
1228,1126,B06
1398,1400,D30
1702,1794,B15
1144,1387,C21
1124,1027,D02
1322,1538,C01
1426,1421,B50
1159,1255,B00
1517,1383,C02
1452,1461,B07
1362,1444,B41
1379,1410,C01
1232,1821,B01
1827,1959,C11
1187,1104,C50
1459,1410,C45
1546,1429,B21
1758,1698,A45
1686,1565,B09
1742,1657,C34
1677,1794,B27
1121,978,C00
1271,1397,D91
1544,1520,C17
1237,976,B06
1191,1130,E21
1646,1726,A07
1830,1921,D11
1334,1469,C01
1005,997,A09
1064,1120,C20
1529,1610,C80
1335,1334,D31
1649,1618,C11
1220,1296,B45
1604,1571,C30
1520,1580,D02
1413,1126,C45
1377,1120,A41
1156,1237,A85
1496,1386,C62
1479,1448,E90
1546,1503,D10
1141,1274,A40
1354,1430,D02
1372,1384,A22
1316,1474,B07
1562,1821,B03
1092,1209,B00
1004,1234,C30
1314,1147,C68
1375,1242,C38
1181,1383,B10
1007,1135,B31
1703,1666,C02
1428,1696,C47
1333,1387,B01
873,921,C20
1444,1413,A21
1319,1419,B14
1382,1302,A00
1712,1745,C78
1243,1235,A04
1234,1239,B50
1114,1148,A03
1669,1471,C40
1873,1983,D32
1245,1440,C00
1496,1318,B06
1468,1496,B21
1587,1460,A41
1274,1278,D31
1516,1619,A84
1217,1334,A46
1380,1520,B12
1598,1234,A45
1071,1183,B07
1508,1553,D66
1326,1745,B21
1301,1180,B00
1419,1482,C00
1647,1544,B94
1202,1241,B01
1258,1300,E90
1266,1221,B21
1819,1703,A00
1171,1158,A10
1276,1560,C20
1548,1215,C41
1437,1358,C30
1751,1733,A30
1458,1285,B22
1750,1615,C21
1388,1465,A01
1868,1779,A40
1803,1581,D43
1084,920,A00
1609,1666,C68
1500,993,A18
1448,1408,C53
1598,1543,B10
1957,1729,A56
1794,1808,A04
1442,1683,B30
1545,1596,A85
1318,1237,C02
1744,1327,A56
1390,1823,B86
1132,1222,A01
1603,1463,D95
1822,1645,C40
1515,1521,A40
1135,1114,C41
1801,1970,C30
1563,1576,A84
1508,1486,B21
1389,1123,C60
1250,1314,C00
1589,1569,A00
1424,1271,B13
1870,1837,C01
1852,1614,A07
1153,1158,C50
1460,1399,A40
1312,1543,B23
1534,1326,C55
1718,1444,B20
1609,1579,E21
1310,1302,A00
1429,1309,C01
1264,1313,C50
906,873,D00
1858,1892,B18
1833,1675,B85
1405,1580,C20
1308,1582,B01
1972,1882,A52
1293,1318,C33
1474,1509,D90
1608,1527,B80
1415,1470,A15
1648,1705,B10
1576,1496,C45
1317,1288,A07
2067,1977,B22
1451,1425,C41
1671,1732,A05
1397,1323,D00
1506,1573,C02
1300,1225,D02
1954,1832,B11
1458,1395,B00
1925,1893,A46
1559,1618,A41
1077,1179,C44
1311,1499,C23
1081,1305,C40
1624,1667,D02
1390,1490,B08
1509,1708,C01
1590,1493,C11
1493,1505,C50
1245,1327,A00
1265,1265,D06
1256,1558,B53
1297,1250,D43
1824,1897,C40
1321,1362,A21
1349,1351,B30
1195,1158,C41
1573,1316,E09
893,891,C42
1984,1961,A00
1280,1414,A00
1440,1337,C34
1264,1210,A40
1624,1711,C44
1581,1490,A45
1374,1576,B13
1168,1365,B30
1832,1849,D11
1506,1583,A07
1112,1438,C20
1739,1652,C55
1257,1337,C02
1222,1258,B06
1214,1197,A10
1287,1307,C41
1245,1301,B13
1399,1407,A40
1677,1363,D35
1122,1439,C29
1185,1300,D00
1448,1613,D02
1265,1196,D37
1187,1109,D07
1637,1526,C00
1440,1478,C41
1162,1312,E81
1373,1134,C30
1027,1101,B00
1683,1439,A40
980,1191,A00
1119,1189,C50
1538,1574,B14
1804,1832,E04
824,1092,C42
935,960,B01
2091,1949,B07
1788,1708,C62
1374,1147,C34
1290,1453,B00
1782,1851,D10
1385,1428,B45
1262,1310,D06
1576,1409,C40
1110,1056,A01
933,1044,C22
1720,1751,B07
1187,1295,B01
1252,1337,B27
1396,1330,A45
1381,1260,A43
1322,1492,C58
1820,1841,B06
1741,1743,E41
1472,1455,B52
1393,1192,B10
1464,1660,D15
1502,1570,B20
1212,1270,A28
1475,1409,D02
1193,1285,B20
1317,1218,A00
1390,1428,B02
1776,1736,A16
1435,1559,B01
1174,1347,A00
1222,1269,C54
1658,1559,A22
1398,1502,D00
1180,1442,E00
1189,1466,C00
982,1177,C20
1137,1240,A43
1619,1559,B40
1367,675,C21
1669,1730,A90
1663,1571,B07
1585,1573,D30
1231,1228,A45
1532,1458,A45
912,1008,B01
1394,1459,A01
1524,1488,D00
1609,1658,B50
1242,1258,C54
1635,1502,D31
1288,1323,D07
1529,1519,B50
1965,1801,B86
1107,1129,C64
1171,1145,B20
1414,1571,C20
1267,1210,A30
1456,1758,B01
1462,1365,B34
1330,1530,C02
1305,1341,B88
1309,1346,A40
1335,1329,C41
1138,1185,C00
1421,1436,C01
1674,1695,B43
1533,1608,A85
1487,1517,B01
998,927,C20
1829,1957,C11
1157,919,C34
1400,1245,B01
1158,976,D06
1554,1454,B47
1659,1616,B32
1497,1501,C44
1576,1513,D94
1196,1389,A56
1382,1410,B40
686,1182,B08
1577,1581,A40
1215,943,A00
1469,1321,C60
1314,1363,B34
1272,1328,B22
1375,1820,B01
1227,1328,D20
1512,1524,D60
1423,1270,C34
1785,1862,D30
1433,1443,C01
1517,1388,A31
1532,1368,C07
1540,1641,C50
1457,1320,A00
1613,1526,D00
1572,1355,E81
1364,1431,C33
1554,1398,D43
1817,1785,B21
1445,1230,B00
1376,1280,D00
1309,1304,C00
858,1010,C44
1239,1241,A25
1453,1539,D03
1436,1236,A00
1322,1129,B33
1241,1237,D02
1593,1528,C50
1429,1418,C10
980,972,A21
1395,1316,A04
1558,1528,C30
1618,1849,A42
1323,1470,B21
1680,1390,D26
1438,1368,B23
1410,1801,C01
1368,1464,B02
1282,1112,B06
1535,1572,B00
1437,1376,B30
1113,1062,D10
1849,1832,E11
1932,1844,C64
2092,1958,B12
1234,1149,C34
1465,1278,B21
1455,1458,B01
1655,1698,B10
1038,1065,D06
1212,1315,B01
1322,1233,C00
1583,1910,B22
1550,1715,D30
1693,1615,C01
1661,1954,B03
1566,1419,C40
1536,1550,C42
992,1288,B12
1742,1661,A38
1039,1062,C28
1692,1678,B26
1971,1903,C01
1888,1966,B21
1675,1663,D30
1884,1934,B02
1319,1308,D02
1447,1444,B00
1622,1610,E90
1510,1546,A46
1314,1401,B00
1705,1630,A24
683,1167,A40
1662,1516,C37
1562,1613,C44
1595,1646,A42
1392,1735,B07
1282,1268,B00
1342,1616,A00
1453,1492,A16
1915,1840,D55
1177,1176,B20
1288,1292,A00
1359,1341,B13
1320,1342,C41
1560,933,C40
1945,2048,B01
1664,1867,A00
1408,1341,A56
1435,1496,D10
1325,1206,B18
1217,1257,B01
1432,1437,B73
1395,1513,B32
1335,1276,B07
1441,1354,C20
1428,1506,C45
1110,688,D06
1328,1409,B10
1624,1506,D06
1676,1186,C25
1642,1578,C02
2027,1975,A51
1203,1258,B10
1566,1546,B20
782,1074,C00
1313,1161,B41
1347,1336,C23
1558,1570,B80
1955,1879,D43
1385,1329,C50
1354,1382,C44
1161,1174,A41
1113,1529,C00
1457,1275,A51
965,1085,C21
1234,1105,A02
1846,1621,E60
1449,1488,D02
1344,1256,C01
1845,1651,C11
1277,1388,D10
1397,1408,D13
1295,1617,B22
1152,1309,B01
1426,1688,A15
1392,1251,A45
1738,1603,A57
1565,1552,B53
1845,1862,A45
1592,1479,A45
1798,1726,C40
